Ready?,name,Train Type,track-types,desc,maxSpeed (m/s),maxAcceleration,maxDeceleration,capacityPerCar,minCars,maxCars,carsPerCarSet,carLength,trainWidth,maxStationLength,carCost,baseTrackCost,baseStationCost,scissorsCrossoverCost,canCrossRoads,maxSpeedLocalStation,Old?,trainOperationalCostPerHour,carOperationalCostPerHour,color,Multipliers,Min Capacity,Max Capacity,Manufacturer,Train Category,Cities,Nation,Cont,Generic?,Cities2,Nation2
TRUE,R211 (NYC),Standard Metro,600V Metro (TRA|AAR),The R211 is a subway EMU built by Kawasaki for the NYC Subway's B Division that entered service in 2023.,24.7,1.10,1.30,230,5,10,5,18.35,3.05,227,2780000,62500,93750000,18750000,FALSE,13,FALSE,500,50,#007EC6,5.63|2.50|1.25|0.30|0.90,1150,2300,Kawasaki,Metro,NYC,US,North America,FALSE,New York City,United States of America
TRUE,R188 (NYC),Standard Metro,600V Metro (TRA|IRT),The R188 is a subway EMU built by Kawasaki for the NYC Subway's A Division that entered service in 2013.,24.7,1.10,1.30,188,5,10,5,15.65,2.62,227,2270000,62500,93750000,18750000,FALSE,13,FALSE,500,50,#AF378B,4.50|2.00|1.00|0.30|0.80,940,1880,Kawasaki,Metro,NYC,US,North America,FALSE,New York City,United States of America
TRUE,M9 (LIRR),Standard Commuter,NYC LIRR Electric,The M9 is a commuter rail EMU built by Kawasaki for the Long Island Railroad that entered service in 2009.,40.0,0.90,1.33,120,4,14,2,25.91,3.25,370,3500000,62500,93750000,18750000,TRUE,15,FALSE,600,60,#0039A6,5.63|2.50|1.25|0.30|0.90,480,1680,Kawasaki,Commuter,NYC,US,North America,FALSE,New York City,United States of America
TRUE,DM30-C3 (LIRR),Diesel Commuter,"MTA Commuter Diesel, NYC LIRR Electric","The DM30AC-C3 is a commuter rail Diesel train that entered service in 1993, with coach cars manufacured by Kawasaki powered by an EMD manufactured Diesel locomotive. Cost is an estimate.",42.0,0.82,1.30,150,4,12,2,25.91,3.25,370,2000000,37500,56250000,11250000,TRUE,15,TRUE,1120,112,#03B8A9,8.44|3.75|1.88|0.30|0.90,600,1800,"EMD,Kawasaki",Commuter,NYC,US,North America,FALSE,New York City,United States of America
TRUE,R179 (NYC),Standard Metro,600V Metro (TRA|AAR),The R179 is a subway EMU built by Bombardier (now Alstom) for the NYC Subway's B Division that entered service in 2019.,24.7,1.10,1.30,240,4,8,4,18.40,3.02,227,2323899,62500,93750000,18750000,FALSE,13,FALSE,500,50,#A7752A,5.63|2.50|1.25|0.30|0.90,960,1920,Bombardier,Metro,NYC,US,North America,FALSE,New York City,United States of America
TRUE,NJT LRV-3,Standard LRT,750V LRT (CAT|MS),"This is an unnamed articulated low-floor light-rail vehicle built by Kinki-Sharyo for New Jersey Transit, specifically Hudson-Bergen Light Rail and Newark Light Rail. It has been in service since 2000. This is the original, 3 section version.",24.4,1.34,1.34,67,3,6,3,9.14,2.68,60,1166667,50000,75000000,15000000,TRUE,6.7,FALSE,200,20,#E06C9E,6.75|3.00|1.50|0.30|0.80,201,402,Kinki Sharyo,LRT,NYC,US,North America,FALSE,New York City,United States of America
TRUE,NJT LRV-5,Standard LRT,750V LRT (CAT|MS),"This is an unnamed articulated low-floor light-rail vehicle built by Kinki-Sharyo for New Jersey Transit, specifically Hudson-Bergen Light Rail and Newark Light Rail. It has been in service since 2000. This is the 5 section version.",24.4,1.34,1.34,60,5,5,5,7.74,2.68,60,920000,50000,75000000,15000000,TRUE,6.7,FALSE,200,20,#FF7CB5,6.75|3.00|1.50|0.30|0.80,300,300,Kinki Sharyo,LRT,NYC,US,North America,FALSE,New York City,United States of America
TRUE,R142A/PA5,Standard Metro,"600V Metro (TRA|MW), 600V Metro (TRA|IRT)",The R142A is a subway EMU built by Bombardier (now Alstom) for the NYC Subway's A Division that entered service in 2000. The PA5 is a variant built for the PATH Rapid Transit system. ,24.6,1.12,1.34,180,5,10,5,15.56,2.62,227,1340000,62500,93750000,18750000,FALSE,13,FALSE,500,50,#0095D3,4.50|2.00|1.00|0.30|0.80,900,1800,Bombardier,Metro,NYC,US,North America,FALSE,New York City,United States of America
TRUE,ADtranz M4,Standard Metro,SEPTA: L,The AdTranz M4 is an EMU used on the L line of the Philadelphia Subway. Many of these stats are estimates due to lack of data.,24.6,1.21,1.34,110,2,12,2,16.81,1.588,220,1290000,68200,102300000,20625000,FALSE,13,TRUE,700,70,#1C9AD6,4.50|2.00|1.00|0.30|0.80,220,1320,ADtranz,Metro,PHI,US,North America,FALSE,Philadelphia,United States of America
TRUE,S70 Streetcar,Standard LRT,"600V LRT (CAT|MS), 750V LRT (CAT|MS), 1.5kV LRT (CAT|MS)",The S700 Streetcar is an articulated low-floor streetcar built by Siemens that have been in service across North America since 2004. This specific model is based on the streetcar model ordered by OC Streetcar. Capacity is artificially higher due to game processing requirements.,20.0,1.34,1.34,67,3,3,3,9.17,2.65,32,2145833,50000,75000000,15000000,TRUE,6.7,FALSE,200,20,#01235E,6.75|3.00|1.50|0.30|0.80,201,201,Siemens,LRT,"Generic, ATL, LA, SLC, CLT","Generic, US, US, US, US","Generic, North America, North America, North America, North America",TRUE,"Generic, Atlanta, Los Angeles, Salt Lake City, Charlotte","Generic, United States of America, United States of America, United States of America, United States of America"
TRUE,S700,Standard LRT,"600V LRT (CAT|MS), 750V LRT (CAT|MS), 1.5kV LRT (CAT|MS)",The S700 series are articulated low-floor light-rail vehicles built by Siemens that have been in service across North America since 2004. This specific model is based on those recieved in 2020 by Metro Transit in Minnesota.,24.4,1.34,1.34,58,6,12,3,9.58,2.65,120,1456790,50000,75000000,15000000,TRUE,6.7,FALSE,200,20,#008244,6.75|3.00|1.50|0.30|0.80,348,696,Siemens,LRT,"Generic, SEA, POR, SLC, HOU, MSP, PHX","Generic, US, US, US, US, US, US","Generic, North America, North America, North America, North America, North America, North America",TRUE,"Generic, Seattle, Portland (OR), Salt Lake City, Houston, Twin Cities (MN), Phoenix","Generic, United States of America, United States of America, United States of America, United States of America, United States of America, United States of America"
TRUE,S700-US,Standard LRT,"600V LRT (CAT|MS), 750V LRT (CAT|MS), 1.5kV LRT (CAT|MS)",The S700 series are articulated low-floor light-rail vehicles built by Siemens that have been in service across North America since 2004. This specific model is based on the ultra-short model used in San Diego.,24.6,1.34,1.34,48,6,12,3,8.27,2.65,110,1333333,50000,75000000,15000000,TRUE,6.7,FALSE,200,20,#EE2621,6.75|3.00|1.50|0.30|0.80,288,576,Siemens,LRT,SD,US,North America,FALSE,San Diego,United States of America
TRUE,SEPTA BIV,Standard Metro,600V Metro (TRU|AAR),The Kawasaki BIV Subway Car is an EMU used on the B line of the Philadelphia Subway. Many of these stats are estimates due to lack of data.,24.6,1.34,1.34,150,2,5,1,20.574,3.086,110,1500000,62000,93000000,18750000,FALSE,13,TRUE,700,70,#F26100,5.63|2.50|1.25|0.30|0.90,300,750,Kawasaki,Metro,PHI,US,North America,FALSE,Philadelphia,United States of America
FALSE,SEPTA LRV 9000,,SEPTA: Trolley T and D,The Kawasaki LRV Series 9000 is a trolley built by Kawaski that has been in service in Philadelphia since 1980.,22.4,1.34,1.56,77,1,1,1,15.00,2.60,20,2500000,#N/A,,,,,FALSE,,,#5A960A,,77,77,,,Generic,Generic,Generic,FALSE,Generic,Generic
FALSE,SEPTA LRV 100,,SEPTA: Trolley T and D,The Kawasaki LRV Series 100 is a trolley built by Kawaski that has been in service in Philadelphia since 1980.,26.8,1.34,1.56,67,1,1,1,16.00,2.69,20,2500000,#N/A,,,,,FALSE,,,#E5427B,,67,67,,,Generic,Generic,Generic,FALSE,Generic,Generic
FALSE,SEPTA PCC III,,SEPTA: Trolley K,"The PCC III is a derivation of the Presidents' Conference Committee Streetcar built by the St. Louis Car Company starting in 1936. SEPTA recieved theirs in 1947, and they've been refurbrished twice, first by Brookville Equipment and then in-house. They have been in service since 1948 in Philly, with the last refurbrishing being from 2020-2024.",17.9,1.60,1.60,103,1,1,1,14.20,2.44,20,2500000,#N/A,,,,,FALSE,,,#FCD602,,103,103,,,Generic,Generic,Generic,FALSE,Generic,Generic
TRUE,GTW 2/6 (NJT),Diesel LRT,"Diesel Light Rail (AAR), U.S. Commuter Diesel",This is a variant of the Stadler GTW 2/6 which is one of the rare and bizarre Diesel Light Rail Vehicles and is exclusively in service on NJT's River Line. Details are scarce so the acceleration and braking are guesstimates.,30.6,0.80,1.30,100,2,6,2,15.60,3.00,100,3000000,37500,56250000,11250000,TRUE,6.7,FALSE,300,30,#1E2171,8.44|3.75|1.88|0.30|0.90,200,600,Stadler,LRT,PHI,US,North America,FALSE,Philadelphia,United States of America
TRUE,7000 Series (WSH),Standard Metro,DC Metro,The 7000-series is a subway EMU built by Kawasaki for Washington DC's Subway that entered service in 2015.,33.6,1.25,0.98,175,4,8,2,22.86,3.09,200,2290000,62500,93750000,18750000,FALSE,13,FALSE,500,50,#231F20,5.63|2.50|1.25|0.30|0.90,700,1400,Kawasaki,Metro,DC,US,North America,FALSE,Washington D.C.,United States of America
TRUE,US-100 (WSH),Standard LRT,750V LRT (CAT|UN),The United Streetcar 100 is a articulated low-floor streetcar built via licensing the Škoda 10T. It has been in service with the 750V LRV (CAT|UN) since 2016. Capacity is artificially higher due to game processing requirements.,17.9,1.34,1.34,67,3,3,3,6.67,2.46,25,1450000,50000,75000000,15000000,TRUE,6.7,FALSE,200,20,#EF2E31,5.06|2.25|1.13|0.30|0.70,201,201,Škoda,LRT,"DC, POR","US, US","North America, North America",FALSE,"Washington D.C., Portland (OR)","United States of America, United States of America"
TRUE,HHP8-BMLC,Standard Commuter,"NEC 12-25, 25-GF Main Line (CAT|AAR), NEC 12.5-60","The Bombardier/Alstom HHP-8 is an electric locomotive that first entered service in 2002. This specific trainset carries passengers with Bombardier MultiLevel Coach (aka Adessia Coach) cars, as used by MARC.",55.9,0.79,1.30,150,3,10,1,25.91,3.05,300,5550000,50000,75000000,15000000,TRUE,15,FALSE,600,60,#004F98,8.44|3.75|1.88|0.30|0.90,450,1500,Bombardier,Commuter,"DC, BWI","US, US","North America, North America",FALSE,"Washington D.C., Baltimore","United States of America, United States of America"
TRUE,SC-BMLC,Diesel Commuter,"U.S. Commuter Diesel, NEC 12-25, NEC 12.5-60, 25-GF Main Line (CAT|AAR)","The Siemens Charger is a family of diesel locomotives that first entered service in 2017. This specific trainset carries passengers with Bombardier MultiLevel Coach (aka Adessia Coach) cars, as used by MARC.",55.9,0.69,1.30,150,3,10,1,25.91,3.05,300,5550000,37500,56250000,11250000,TRUE,15,FALSE,800,80,#F26F21,8.44|3.75|1.88|0.30|0.90,450,1500,Siemens,Commuter,"Generic, NYC, DC, MTL, SD, BWI","Generic, US, US, CA, US, US","Generic, North America, North America, North America, North America, North America",TRUE,"Generic, New York City, Washington D.C., Montreal, San Diego, Baltimore","Generic, United States of America, United States of America, Canada, United States of America, United States of America"
TRUE,CTA 5000 Series,Standard Metro,600V Metro (TRA|MS),The 5000 series is a subway EMU built by Bombardier for the 600V Metro (TRA|MS) that entered service in 2011.,24.6,1.25,1.25,123,4,8,2,14.63,2.84,130,1232022,62500,93750000,18750000,FALSE,13,FALSE,500,50,#009DDC,4.50|2.00|1.00|0.30|0.80,492,984,Bombardier,Metro,CHI,US,North America,FALSE,Chicago,United States of America
TRUE,CTA 3200 Series,Standard Metro,600V Metro (TRA|MS),The 3200 series is a subway EMU built by Morrison-Knudsen and Mafersa for the 600V Metro (TRA|MS) that entered service in 2011.,24.6,1.43,1.43,108,4,8,2,14.63,2.84,130,1000000,62500,93750000,18750000,FALSE,13,FALSE,500,50,#F06EA9,4.50|2.00|1.00|0.30|0.80,432,864,"Morrison-Knudsen, Mafersa",Metro,CHI,US,North America,FALSE,Chicago,United States of America
TRUE,Highliner 2,Standard Metro,"1.5kV Main Line (CAT|AAR), U.S. Commuter Diesel",The Highliner II is a bi-level commuter rail EMU built by Nippon Sharyo for Chicago's Metra that entered service in 2005.,35.3,0.61,0.67,130,2,8,2,25.91,3.00,220,3656250,50000,75000000,15000000,TRUE,13,FALSE,500,50,#0054A4,8.44|3.75|1.88|0.30|0.90,260,1040,Nippon Sharyo,Metro,CHI,US,North America,FALSE,Chicago,United States of America
TRUE,MPX-6000 Series,Standard Metro,"1.5kV Main Line (CAT|AAR), U.S. Commuter Diesel","The MPI MPXpress is a line of diesel locomotives that first entered service in 2003. This specific trainset carries passengers with Metra's 6000 series cars, which are bilevel coaches built by Nippon Sharyo.",31.3,0.61,1.00,150,2,8,1,25.91,3.05,240,4131250,50000,75000000,15000000,TRUE,13,FALSE,500,50,#ED1C24,8.44|3.75|1.88|0.30|0.90,300,1200,"MPI,Nippon Sharyo",Metro,CHI,US,North America,FALSE,Chicago,United States of America
TRUE,FLIRT Akku,Standard Commuter,"1.5kV Main Line (CAT|AAR), U.S. Commuter Diesel","The FLIRT Akku is a commuter rail battery-capable EMU family built by Stadler for railways across the world in operation since 2023. It operates on battery power for up to 150 km when electric is unavailable. It is generally in 2 car sets, but it can use trailer cars to hit any number of cars desired.",44.7,0.90,1.00,120,2,8,1,25.91,3.05,240,5240625,50000,75000000,15000000,TRUE,15,FALSE,600,60,#0B3F75,8.44|3.75|1.88|0.30|0.90,240,960,Stadler,Commuter,CHI,US,North America,FALSE,Chicago,United States of America
TRUE,2024 Stock (LDN),Standard Metro,London Deep Tube,"2024 Stock is a subway EMU built by Siemens as part of their Inspiro family. It will enter service around mid-2026 on the Picadilly Line, and potentially later the Central, Waterloo & City, and Bakerloo lines.",27.5,1.40,1.40,116,9,9,9,12.63,2.65,150,2418457,75000,112500000,20250000,FALSE,13,FALSE,500,50,#1B3F94,4.50|2.00|1.00|0.30|0.80,1044,1044,Siemens,Metro,LDN,UK,Europe,FALSE,London,United Kingdom
TRUE,1972 Stock (LDN),Standard Metro,London Deep Tube,"1972 Stock is a subway EMU built by Metro-Cammell for London's Deep Tube that entered service on the Bakerloo Line. They were refurbrished twice: in 1991 by Tickford, and in 2016 by Acton Works. Cost is an estimate.",20.0,1.30,1.15,122,7,7,7,16.22,2.64,150,1500000,75000,112500000,20250000,FALSE,13,TRUE,700,70,#B05F0F,4.50|2.00|1.00|0.30|0.80,854,854,Metro-Cammell,Metro,LDN,UK,Europe,FALSE,London,United Kingdom
TRUE,1973 Stock (LDN),Standard Metro,London Deep Tube,1973 Stock is a subway EMU built by Metro-Cammell for London's Deep Tube that entered service on the Piccadilly Line. They were refurbrished in 1996 by Bombardier Prorail. Cost is an estimate.,20.0,1.30,1.15,114,3,6,3,17.80,2.63,150,1500000,75000,112500000,20250000,FALSE,13,TRUE,700,70,#122B63,4.50|2.00|1.00|0.30|0.80,342,684,Metro-Cammell,Metro,LDN,UK,Europe,FALSE,London,United Kingdom
TRUE,1992 Stock (LDN),Standard Metro,London Deep Tube,"1992 Stock is a subway EMU built by BREL and ABB for London's Deep Tube that entered service on the Central Line, and is now also used on the Waterloo & City Line. Waterloo & City Line sets were refurbrished in 2006, while Central were in 2019. Cost is an estimate.",27.8,1.30,1.15,129,4,8,4,16.25,2.62,150,2000000,75000,112500000,20250000,FALSE,13,FALSE,500,50,#E02525,4.50|2.00|1.00|0.30|0.80,516,1032,"BREL, ABB",Metro,LDN,UK,Europe,FALSE,London,United Kingdom
TRUE,1996 Stock (LDN),Standard Metro,London Deep Tube,1996 Stock is a subway EMU built by Alstom for London's Deep Tube that entered service on the Jubilee Line.,27.8,1.30,1.15,125,7,7,7,17.77,2.63,150,2351741,75000,112500000,20250000,FALSE,13,FALSE,500,50,#7B848B,4.50|2.00|1.00|0.30|0.80,875,875,Alstom,Metro,LDN,UK,Europe,FALSE,London,United Kingdom
TRUE,2009 Stock (LDN),Standard Metro,London Deep Tube,2009 Stock is a subway EMU built by Bombardier for London's Deep Tube that entered service on the Victoria Line.,22.2,1.30,1.15,141,4,8,4,16.66,2.68,150,2720765,75000,112500000,20250000,FALSE,13,FALSE,500,50,#0C9FDC,4.50|2.00|1.00|0.30|0.80,564,1128,Bombardier,Metro,LDN,UK,Europe,FALSE,London,United Kingdom
TRUE,S Stock (LDN),Standard Metro,London Subsurface Tube,"S Stock is a subway EMU built by Bombardier for London's Subsurface Tube, that comes in either 7 or 8 car sets. S8s operate on the Metropolitan line, while S7s are on the Circle, District, and Hammersmith & City Lines.",27.8,1.30,1.15,170,7,8,1,16.74,2.92,140,1458314,75000,112500000,20250000,FALSE,13,FALSE,500,50,#FECE08,4.50|2.00|1.00|0.30|0.80,1190,1360,Bombardier,Metro,LDN,UK,Europe,FALSE,London,United Kingdom
TRUE,BR Class 378,Standard Commuter,"25-GF Main Line (CAT|MW), 600V Main Line (TRA|MW)",The Capitalstar (BR 378) is a commuter rail EMU built by Bombardier for the London Overground that entered service in 2009. It either is third rail only or dual mode with overhead catenary. It is part of the Electrostar Family.,33.6,0.65,1.00,236,5,5,5,20.00,2.8,120,2100575,50000,75000000,15000000,TRUE,15,FALSE,600,60,#F9A51B,6.75|3.00|1.50|0.30|0.80,1180,1180,Bombardier,Commuter,LDN,UK,Europe,FALSE,London,United Kingdom
TRUE,BR Class 710,Standard Commuter,"600V Main Line (TRA|MW), 25-GF Main Line (CAT|MW)",The Alstom Aventra is a family of EMUs in service in the UK since 2015. This model is the EMU labeled Class 710 as used on the London Overground,33.6,0.90,1.00,170,4,5,1,21.00,2.77,120,1970237,62500,93750000,18750000,TRUE,15,FALSE,600,60,#566366,4.50|2.00|1.00|0.30|0.80,680,850,Alstom,Commuter,LDN,UK,Europe,FALSE,London,United Kingdom
TRUE,FE-10 (MXC),Standard Metro,750V Metro (CAT|MW),"The FE-10 is a steel-wheeled model of EMU built by CAF used on the Mexico City Metro, first used in 2012.",25.0,1.20,1.20,210,7,7,7,20.14,2.80,150,5649119,50000,75000000,15000000,FALSE,13,FALSE,500,50,#B0A32A,6.75|3.00|1.50|0.30|0.80,1470,1470,CAF,Metro,MXC,MX,Central America,FALSE,Mexico City,Mexico
TRUE,NM-16 (MXC),Rubber Metro,MXC Rubber Metro,The NM-16 is a rubber-tyred model of EMU built by CAF used on the Mexico City Metro,19.4,1.43,1.43,190,9,9,9,16.77,2.50,175,2161730,75000,112500000,20250000,FALSE,13,FALSE,600,60,#F04E98,4.50|2.00|1.00|0.30|0.80,1710,1710,CAF,Metro,MXC,MX,Central America,FALSE,Mexico City,Mexico
TRUE,Cuautitlán-Buenavista,Standard Commuter,25-GF Main Line (CAT|AAR),The Cuautitlán-Buenavista is a commuter rail EMU built by CAF used on Mexico City's Tren Suburbano that entered service in 2008. ,19.4,1.00,1.00,284,3,8,1,25.50,3.01,220,3300000,50000,75000000,15000000,TRUE,15,FALSE,600,60,#BE1C00,8.44|3.75|1.88|0.30|0.90,852,2272,CAF,Commuter,MXC,MX,Central America,FALSE,Mexico City,Mexico
TRUE,TE-90,Standard LRT,750V LRT (CAT|MS),"The TE-90 is an articulated high-floor light-rail vehicle built by Bombardier that has been in service in Mexico City since 1990. It is also knwon as the TE-96, 08, and 12",22.2,1.00,1.00,150,2,2,2,14.78,2.65,35,4500000,50000,75000000,15000000,TRUE,6.7,FALSE,200,20,#0055B8,6.75|3.00|1.50|0.30|0.80,300,300,Bombardier,LRT,MXC,MX,Central America,FALSE,Mexico City,Mexico
TRUE,Toronto Rocket,Standard Metro,Toronto Subway,The Toronto Rocket is an EMU built by Bombardier for the Toronto Subway that entered service in 2021.,20.8,0.90,1.35,180,4,6,2,23.00,3.13,145,1962008,68200,102300000,20625000,FALSE,13,FALSE,500,50,#DA251D,5.63|2.50|1.25|0.30|0.90,720,1080,Bombardier,Metro,TOR,CA,North America,FALSE,Toronto,Canada
TRUE,NST (TOR),Standard Metro,Toronto Subway,The Alstom Metropolis is a series of metro EMUs in service across the world since 1993. The NST is a heavy metro variant built for the Toronto Subway that was orded in January 2026. Many numbers are guesstimates since the train doesn't really exist fully yet.,25.0,1.10,1.35,217,6,6,6,21.00,3.15,145,4022677,68200,102300000,20625000,FALSE,13,FALSE,500,50,#C9251E,5.63|2.50|1.25|0.30|0.90,1300,1300,Alstom,Metro,TOR,CA,North America,FALSE,Toronto,Canada
TRUE,T-1 (TOR),Standard Metro,Toronto Subway,The T-1 is an EMU built by Bombardier for the Toronto Subway that entered service in 1995.,20.8,0.90,1.30,167,4,6,2,23.00,3.14,145,2370106,68200,102300000,20625000,FALSE,13,FALSE,500,50,#16A753,5.63|2.50|1.25|0.30|0.90,668,1002,Bombardier,Metro,TOR,CA,North America,FALSE,Toronto,Canada
TRUE,Flexity Outlook (TOR),Standard LRT,Toronto Streetcar,The Flexity Outlook is an articulated low-floor light-rail vehicle built by Bombardier for the Toronto Streetcar that has been in service since 2014. Toronto got a custom model due to their unique gauge.,19.4,1.00,1.26,50,5,5,5,5.60,2.54,35,864207,55000,82500000,16500000,TRUE,6.7,FALSE,200,20,#FFFFFF,6.75|3.00|1.50|0.30|0.80,250,250,Bombardier,LRT,TOR,CA,North America,FALSE,Toronto,Canada
TRUE,Flexity Freedom-3,Standard LRT,750V LRT (CAT|MS),"The Flexity Freedom is a family of articulated low-floor light-rail vehicles built by Bombardier/Alstom that have been in service in Canada since 2019. This is the 3 segment version which has never been ordered, so the cost is just a theory.",22.2,1.34,1.10,45,6,12,3,6.67,2.65,100,600000,50000,75000000,15000000,TRUE,6.7,FALSE,200,20,#F87005,6.75|3.00|1.50|0.30|0.80,270,540,Bombardier,LRT,Generic,Generic,Generic,FALSE,Generic,Generic
TRUE,Flexity Freedom-5,Standard LRT,750V LRT (CAT|MS),The Flexity Freedom is a family of articulated low-floor light-rail vehicles built by Bombardier/Alstom that have been in service in Canada since 2019. This is the 5 segment version.,22.2,1.34,1.10,50,5,20,5,6.16,2.65,130,621564,50000,75000000,15000000,TRUE,6.7,FALSE,200,20,#8A999A,6.75|3.00|1.50|0.30|0.80,250,1000,Bombardier,LRT,"TOR, YKF","CA, CA","North America, North America",FALSE,"Toronto, Waterloo (CA)","Canada, Canada"
TRUE,Flexity Freedom-7,Standard LRT,750V LRT (CAT|MS),The Flexity Freedom is a family of articulated low-floor light-rail vehicles built by Bombardier/Alstom that have been in service in Canada since 2019. This is the 7 segment version used in Edmonton.,22.2,1.34,1.10,39,7,14,7,5.71,2.65,130,789064,50000,75000000,15000000,TRUE,6.7,FALSE,200,20,#0591DC,6.75|3.00|1.50|0.30|0.80,273,546,Bombardier,LRT,EDM,CA,North America,FALSE,Edmonton,Canada
TRUE,Citadis Spirit-4,Standard LRT,"750V LRT (CAT|MS), 1.5kV LRT (CAT|MS)",The Citadis Spirit is a family of articulated low-floor light-rail vehicles built by Alstom that have been in service in Canada since 2019. This is the 4-segment version.,29.2,1.00,1.20,70,4,8,4,10.52,2.65,100,1589574,50000,75000000,15000000,TRUE,6.7,FALSE,200,20,#ED1B2D,6.75|3.00|1.50|0.30|0.80,280,560,Alstom,LRT,"TOR, OTT, QBC","CA, CA, CA","North America, North America, North America",FALSE,"Toronto, Ottawa, Quebec City","Canada, Canada, Canada"
TRUE,Citadis Spirit-3,Standard LRT,"750V LRT (CAT|MS), 1.5kV LRT (CAT|MS)","The Citadis Spirit is a family of articulated low-floor light-rail vehicles built by Alstom that have been in service in Canada since 2019. This is the 3-segment version which has never been ordered, so the cost is just a theory..",29.2,1.00,1.20,77,3,6,3,10.67,2.65,100,1589574,50000,75000000,15000000,TRUE,6.7,FALSE,200,20,#FF1E35,6.75|3.00|1.50|0.30|0.80,231,462,Alstom,LRT,Generic,Generic,Generic,FALSE,Generic,Generic
TRUE,Citadis Spirit-5,Standard LRT,"750V LRT (CAT|MS), 1.5kV LRT (CAT|MS)","The Citadis Spirit is a family of articulated low-floor light-rail vehicles built by Alstom that have been in service in Canada since 2019. This is the 5-segment version which has never been ordered, so the cost is just a theory..",29.2,1.00,1.20,68,5,10,5,9.57,2.65,100,1589574,50000,75000000,15000000,TRUE,6.7,FALSE,200,20,#8E111F,6.75|3.00|1.50|0.30|0.80,340,680,Alstom,LRT,Generic,Generic,Generic,FALSE,Generic,Generic
TRUE,Azur (MTL),Rubber Metro,Montreal Metro,The MPM-10 (Azur) is a rubber-tire vehicle built by Bombardier and Alstom for the Montreal Metro that entered service in 2016.,20.1,1.21,1.23,173,9,9,9,16.93,2.51,160,1379485,75000,112500000,20250000,FALSE,13,FALSE,600,60,#0085CA,4.50|2.00|1.00|0.30|0.80,1557,1557,Bombardier,Metro,MTL,CA,North America,FALSE,Montreal,Canada
TRUE,Saint-Laurent (MTL),Automated Metro,1.5kV Auto Metro (CAT|LSS),The Alstom Metropolis is a series of metro EMUs in service across the world since 1993. The Saint-Laurent is an autonomous light metro variant built for the Réseau express métropolitain in Montreal that entered service in 2023. Cost is a estimate based on the overall contract Alstom signed which includes signalling and stuff,27.8,1.10,1.30,150,2,4,2,19.05,2.94,90,2540985,50000,78750000,15750000,FALSE,13,FALSE,400,40,#82C341,6.75|3.00|1.50|0.30|0.80,300,600,Alstom,Metro,MTL,CA,North America,FALSE,Montreal,Canada
TRUE,Desiro Classic (SD),Diesel Commuter,"Diesel Main Line (MW), U.S. Commuter Diesel",The Siemens Desiro Classic is a family of metro DMUs and EMUs in service across the world since 1999. This model is the DMU used by San Diego's Sprinter service.,25.0,1.10,1.10,109,2,4,2,20.85,2.83,90,4300000,37500,56250000,11250000,TRUE,15,FALSE,800,80,#0055A4,6.75|3.00|1.50|0.30|0.80,218,436,Siemens,Commuter,SD,US,North America,FALSE,San Diego,United States of America
TRUE,CQ400 (ATL),Standard Metro,NYC LIRR Electric,The CQ 400 is a subway EMU built by Stadler for the Atlanta metro which will enter service in 2026.,31.3,1.12,1.12,187,2,8,2,23.55,3.20,200,2543307,62500,93750000,18750000,TRUE,13,FALSE,500,50,#2CC1E1,5.63|2.50|1.25|0.30|0.90,374,1496,Stadler,Metro,ATL,US,North America,FALSE,Atlanta,United States of America
TRUE,CQ312 (ATL),Standard Metro,NYC LIRR Electric,The CQ 312 is a subway EMU built by Stadler for the Atlanta metro which entered service in 2001. Cost is an estimate.,31.3,1.34,1.34,131,2,8,2,22.86,3.20,200,2000000,62500,93750000,18750000,TRUE,13,FALSE,500,50,#00362A,5.63|2.50|1.25|0.30|0.90,262,1048,Stadler,Metro,ATL,US,North America,FALSE,Atlanta,United States of America
TRUE,BR Class 777,Standard Metro,"600V Main Line (TRA|MW), 25-GF Main Line (CAT|MW)",The METRO (BR 777) is a commuter rail EMU built by Stadler as part of their METRO family for MerseyRail that entered service in 2023.,33.3,1.10,1.10,123,4,8,4,16.25,2.82,140,3016561,62500,93750000,18750000,TRUE,13,FALSE,500,50,#FFF200,4.50|2.00|1.00|0.30|0.80,492,984,Stadler,Metro,LIV,UK,Europe,FALSE,Liverpool,United Kingdom
TRUE,Mark V (VAN),Automated Metro,600V Auto Metro (TRS|MS),The Innovia Metro is an automated rapid transit system family built by Alstom/Bombardier that have been in service across North America since 1985. This specific model is based on the Mark V used in Vancouver since 2025. Acceleration and decceleration are guesstimates.,22.2,1.00,1.00,134,5,5,5,16.96,2.65,100,863574,63000,99225000,19845000,FALSE,13,FALSE,400,40,#305AA7,4.50|2.00|1.00|0.30|0.80,670,670,Alstom,Metro,VAN,CA,North America,FALSE,Vancouver,Canada
TRUE,Mark III (VAN),Automated Metro,600V Auto Metro (TRS|MS),The Innovia Metro is an automated rapid transit system family built by Alstom/Bombardier that have been in service across North America since 1985. This specific model is based on the Mark III used in Vancouver since 2016. Acceleration and decceleration are guesstimates.,22.2,1.00,1.00,133,4,4,4,17.03,2.65,100,795790,63000,99225000,19845000,FALSE,13,FALSE,400,40,#2c5bb0,4.50|2.00|1.00|0.30|0.80,532,532,Bombardier,Metro,VAN,CA,North America,FALSE,Vancouver,Canada
TRUE,Rotem EMU (VAN),Automated Metro,750V Auto Metro (TRA|AAR),The Rotem is an automated EMU built by Hyundai for the Vancouver 600V Auto Metro (TRS|MS)'s Canada Line that entered service in 2009.,22.2,1.00,1.00,167,2,3,1,20.00,2.65,80,897815,62500,98437500,19687500,FALSE,13,FALSE,400,40,#F8D92B,5.63|2.50|1.25|0.30|0.90,334,501,Hyundai,Metro,VAN,CA,North America,FALSE,Vancouver,Canada
TRUE,CRRC HR4000 (LA),Standard Metro,750V Metro (TRA|AAR),The HR4000 is a subway EMU built by CRRC for the 750V Metro (TRA|AAR)'s heavy rail lines that entered service in 2024. Acceleration is guessimated.,30.6,1.34,1.00,246,2,6,2,22.86,3.05,150,2781250,62500,93750000,18750000,FALSE,13,FALSE,500,50,#E3131B,5.63|2.50|1.25|0.30|0.90,492,1476,CRRC,Metro,LA,US,North America,FALSE,Los Angeles,United States of America
TRUE,P3010 LRV (LA),Standard LRT,750V LRT (CAT|MS),The P3010 is an articulated low-floor light-rail vehicle built by Kinki Sharyo that has been in service in LA since 2016.,28.9,1.34,1.56,87,4,6,2,13.57,2.66,90,1916667,50000,75000000,15000000,TRUE,6.7,FALSE,200,20,#111111,6.75|3.00|1.50|0.30|0.80,348,522,Kinki Sharyo,LRT,LA,US,North America,FALSE,Los Angeles,United States of America
TRUE,A650 (LA),Standard Metro,750V Metro (TRA|AAR),The A650 is a subway EMU built by Breda/AnsaldoBreda for the 750V Metro (TRA|AAR)'s heavy rail lines that entered service in 1993.,30.6,1.34,1.00,150,2,6,2,22.68,3.05,140,3239189,62500,93750000,18750000,FALSE,13,TRUE,700,70,#c9141b,5.63|2.50|1.25|0.30|0.90,300,900,Kinki Sharyo,Metro,LA,US,North America,FALSE,Los Angeles,United States of America
TRUE,MR-73 (MTL),Rubber Metro,Montreal Metro,The MR-73 is a rubber-tire heavy metro EMU built by Bombardier for the Montreal Metro that entered service in 1976. Cost is an estimate.,20.1,1.43,1.43,160,3,9,3,16.93,2.50,160,2500000,75000,112500000,20250000,FALSE,13,TRUE,840,84,#FFCD00,4.50|2.00|1.00|0.30|0.80,480,1440,Bombardier,Metro,MTL,CA,North America,FALSE,Montreal,Canada
TRUE,MultiLevel Coach III EMU,Standard Commuter,"NEC 12-25, NEC 12.5-60, 25-GF Main Line (CAT|AAR)",The MultiLevel Coach III is a commuter rail EMU built by Bombardier/Alstom that entered service in 2006. They are used on multiple networks across Eastern North America.,44.7,0.80,1.05,135,3,12,1,25.91,3.05,320,4800000,50000,75000000,15000000,TRUE,15,FALSE,600,60,#00A3E3,8.44|3.75|1.88|0.30|0.90,405,1620,Bombardier,Commuter,NYC,US,North America,FALSE,New York City,United States of America
TRUE,ALP45-BMLC,Dual-Mode Commuter,"U.S. Commuter Diesel, NEC 12-25, NEC 12.5-60, 25-GF Main Line (CAT|AAR), 1.5kV Main Line (CAT|AAR)",The Bombardier ALP-45 is a dual-mode locomotive that first entered service in 2010. This specific trainset carries passengers with Bombardier MultiLevel Coaches in their trailer configuration.,44.7,0.72,1.05,150,4,10,1,25.91,3.05,320,5701599,37500,56250000,11250000,TRUE,15,FALSE,650,65,#F9A533,8.44|3.75|1.88|0.30|0.90,600,1500,Bombardier,Commuter,"NYC, MTL","US, CA","North America, North America",FALSE,"New York City, Montreal","United States of America, Canada"
TRUE,ALP46-BMLC,Standard Commuter,"NEC 12-25, NEC 12.5-60, 25-GF Main Line (CAT|AAR)",The Bombardier ALP-45 is an electric locomotive that first entered service in 2001. This specific trainset carries passengers with Bombardier MultiLevel Coaches in their trailer configuration.,44.7,0.72,1.05,150,4,10,1,25.91,3.05,320,5701599,50000,75000000,15000000,TRUE,15,FALSE,600,60,#EE3E42,8.44|3.75|1.88|0.30|0.90,600,1500,Bombardier,Commuter,NYC,US,North America,FALSE,New York City,United States of America
TRUE,M8 (NYC),Standard Commuter,"NYC: M-N Grand Central, NEC 12.5-60, 25-GF Main Line (CAT|AAR)",The M8 is a commuter rail EMU built by Kawasaki for the Metro-North Railroad that entered service in 2011.,40.2,0.89,1.34,120,2,8,2,25.91,3.18,220,1858684,62000,93000000,18750000,TRUE,15,FALSE,600,60,#0059FF,5.63|2.50|1.25|0.30|0.90,240,960,Kawasaki,Commuter,NYC,US,North America,FALSE,New York City,United States of America
TRUE,M7 (NYC),Standard Commuter,"NYC LIRR Electric, NYC: M-N Grand Central, NEC 12.5-60, 25-GF Main Line (CAT|AAR)",The M7 is a commuter rail EMU built by Bombardier for the MTA's LIRR and MNCR that entered service in 2011. Cost is an estimate.,35.8,0.89,1.34,115,2,14,2,25.91,3.20,370,2000000,62500,93750000,18750000,TRUE,15,FALSE,600,60,#0044C4,5.63|2.50|1.25|0.30|0.90,230,1610,Bombardier,Commuter,NYC,US,North America,FALSE,New York City,United States of America
TRUE,SC-SL4,Diesel Commuter,"U.S. Commuter Diesel, NEC 12-25, NEC 12.5-60, 25-GF Main Line (CAT|AAR), 1.5kV Main Line (CAT|AAR)","The Siemens Charger is a family of diesel locomotives that first entered service in 2017. This specific trainset carries passengers with Bombardier Shoreliner IVs, as used by MNCR.",44.7,0.69,1.30,145,2,8,1,25.91,3.05,300,1750000,37500,56250000,11250000,TRUE,15,FALSE,800,80,#002160,8.44|3.75|1.88|0.30|0.90,290,1160,Siemens,Commuter,NYC,US,North America,FALSE,New York City,United States of America
TRUE,MPX-VRE,Diesel Commuter,"U.S. Commuter Diesel, NEC 12-25, NEC 12.5-60, 25-GF Main Line (CAT|AAR), 1.5kV Main Line (CAT|AAR)",The MPI MPXpress is a line of diesel locomotives that first entered service in 2003. This specific trainset carries passengers with the Virginia Rail Express's nameless cars from Sumitomo/Nippon Sharyo. Cost is an estimate.,31.3,0.61,1.00,200,2,8,1,25.91,2.99,240,1750000,37500,56250000,11250000,TRUE,15,FALSE,800,80,#EE3E42,8.44|3.75|1.88|0.30|0.90,400,1600,"MPI,Nippon Sharyo,Sumitomo",Commuter,DC,US,North America,FALSE,Washington D.C.,United States of America
TRUE,BR Class 357,Standard Commuter,25-GF Main Line (CAT|MW),The Electrostar (BR 357) is a commuter rail EMU built by Adtranz/Bombardier for c2c that entered service in 2000. It is the first of the Electrostar family.,44.4,0.65,1.00,100,4,8,4,20.20,2.8,240,1550011,50000,75000000,15000000,TRUE,15,FALSE,600,60,#B71C8C,6.75|3.00|1.50|0.30|0.80,400,800,ADtranz,Commuter,LDN,UK,Europe,FALSE,London,United Kingdom
TRUE,BR Class 720,Standard Commuter,25-GF Main Line (CAT|MW),"The Alstom Aventra is a family of EMUs in service in the UK since 2015. This model is the EMU labeled Class 720 as used on the London, Tilbury and Southend line.",44.4,0.90,1.00,132,5,10,5,24.20,2.77,250,2187331,50000,75000000,15000000,TRUE,15,FALSE,600,60,#ED028C,6.75|3.00|1.50|0.30|0.80,660,1320,Alstom,Commuter,LDN,UK,Europe,FALSE,London,United Kingdom
TRUE,BR Class 165,Diesel Commuter,"Diesel Main Line (MW), 25-GF Main Line (CAT|MW), 600V Main Line (TRA|MW)",The Networker Turbo (BR 165) is a commuter rail DMU built by BREL for British Railways that entered service in 1991. It is now operated by GWE and Chiltern Railways. Cost is an estimate.,33.3,0.80,1.00,100,2,6,1,23.50,2.81,150,1500000,37500,56250000,11250000,TRUE,15,TRUE,1120,112,#1C2D47,6.75|3.00|1.50|0.30|0.80,200,600,BREL,Commuter,LDN,UK,Europe,FALSE,London,United Kingdom
TRUE,BR Class 360,Standard Commuter,25-GF Main Line (CAT|MW),The Siemens Desiro UK is a family of DMUs and EMUs in service in the UK and Thailand since 2003. This model is the EMU labeled Class 360 as used by EMR for their Luton Airport Express line.,49.2,0.98,1.10,109,4,4,4,20.85,2.80,90,1136675,50000,75000000,15000000,TRUE,15,FALSE,600,60,#CFAB2A,6.75|3.00|1.50|0.30|0.80,436,436,Siemens,Commuter,LDN,UK,Europe,FALSE,London,United Kingdom
TRUE,BR Class 360-2,Standard Commuter,25-GF Main Line (CAT|MW),The Siemens Desiro UK is a family of DMUs and EMUs in service in the UK and Thailand since 2003. This model is the EMU labeled Class 360-2.,44.4,0.98,1.10,109,5,5,5,20.85,2.80,110,1136675,50000,75000000,15000000,TRUE,15,FALSE,600,60,#CFAB2A,6.75|3.00|1.50|0.30|0.80,545,545,Siemens,Commuter,Generic,Generic,Generic,FALSE,Generic,Generic
TRUE,BR Class 345,Standard Commuter,25-GF Main Line (CAT|MW),The Alstom Aventra is a family of EMUs in service in the UK since 2015. This model is the EMU labeled Class 345 as used on the Elizabeth Line.,40.3,1.00,1.10,166,9,9,9,22.75,2.77,210,2331641,50000,75000000,15000000,TRUE,15,FALSE,600,60,#11A6C8,6.75|3.00|1.50|0.30|0.80,1494,1494,Alstom,Commuter,LDN,UK,Europe,FALSE,London,United Kingdom
TRUE,BR Class 171/172,Diesel Commuter,"Diesel Main Line (MW), 25-GF Main Line (CAT|MW), 600V Main Line (TRA|MW)",The Turbostar (BR 171/172) is a commuter rail DMU built by Bombardier for GTR that entered service in 2003. Cost is an estimate.,44.4,0.50,0.60,114,2,6,1,23.62,2.69,150,1500000,37500,56250000,11250000,TRUE,15,FALSE,800,80,#00A54F,6.75|3.00|1.50|0.30|0.80,228,684,Bombardier,Commuter,"LDN, BHM","UK, UK","Europe, Europe",FALSE,"London, Birmingham (UK)","United Kingdom, United Kingdom"
TRUE,BR Class 377,Standard Commuter,"25-GF Main Line (CAT|MW), 600V Main Line (TRA|MW)",The Electrostar (BR 377) is a commuter rail EMU built by Bombardier for Southern and Southeastern that entered service in 2003. It is part of the Electrostar family.,44.4,0.65,1.00,91,3,5,1,20.20,2.8,240,2046015,50000,75000000,15000000,TRUE,15,FALSE,600,60,#00FF77,6.75|3.00|1.50|0.30|0.80,273,455,Bombardier,Commuter,LDN,UK,Europe,FALSE,London,United Kingdom
TRUE,BR Class 387,Standard Commuter,"25-GF Main Line (CAT|MW), 600V Main Line (TRA|MW)",The Electrostar (BR 387) is a commuter rail EMU built by Bombardier that entered service in 2014. It is part of the Electrostar family.,47.2,0.65,1.00,100,4,8,4,20.39,2.8,240,1396878,50000,75000000,15000000,TRUE,15,FALSE,600,60,#231F20,6.75|3.00|1.50|0.30|0.80,400,800,Bombardier,Commuter,LDN,UK,Europe,FALSE,London,United Kingdom
TRUE,BR Class 379,Standard Commuter,25-GF Main Line (CAT|MW),The Electrostar (BR 387) is a commuter rail EMU built by Bombardier that entered service in 2014. It is part of the Electrostar family.,47.2,0.65,1.00,100,4,8,4,20.39,2.8,240,1761846,50000,75000000,15000000,TRUE,15,FALSE,600,60,#CE9C61,6.75|3.00|1.50|0.30|0.80,400,800,Bombardier,Commuter,LDN,UK,Europe,FALSE,London,United Kingdom
TRUE,BR Class 700,Standard Commuter,"25-GF Main Line (CAT|MW), 600V Main Line (TRA|MW)",The Siemens Desiro City is a family of EMUs in service in the UK since 2016. This model is the EMU labeled Class 700 as used on Thameslink,44.4,0.85,1.10,145,8,12,4,20.22,2.80,250,1914400,50000,75000000,15000000,TRUE,15,FALSE,600,60,#B0016A,6.75|3.00|1.50|0.30|0.80,1160,1740,Siemens,Commuter,LDN,UK,Europe,FALSE,London,United Kingdom
TRUE,BR Class 745,Standard Commuter,25-GF Main Line (CAT|MW),The Stadler FLIRT is a family of MUs in service around the world since 2004. This is the EMU classed as BR 745 that is operated by Greater Anglia.,44.4,0.90,0.90,65,12,12,12,19.72,2.72,250,2201180,50000,75000000,15000000,TRUE,15,FALSE,600,60,#8A8FA4,6.75|3.00|1.50|0.30|0.80,780,780,Stadler,Commuter,LDN,UK,Europe,FALSE,London,United Kingdom
TRUE,BR Class 755,Standard Commuter,"Diesel Main Line (MW), 25-GF Main Line (CAT|MW)",The Stadler FLIRT is a family of MUs in service around the world since 2004. This is the Bi-Mode MU classed as BR 755 'Basil' that is operated by Greater Anglia.,44.4,0.90,0.70,70,3,4,1,29.14,2.72,125,2201180,37500,56250000,11250000,TRUE,15,FALSE,600,60,#D8E0FF,6.75|3.00|1.50|0.30|0.80,210,280,Stadler,Commuter,LDN,UK,Europe,FALSE,London,United Kingdom
TRUE,BR Class 150,Diesel Commuter,"Diesel Main Line (MW), 25-GF Main Line (CAT|MW), 600V Main Line (TRA|MW)",The Diesel Main Line (MW) (BR 150) is a commuter rail DMU built by BREL that entered service in 1984. Capacity is artificially higher due to game processing requirements. Cost is an estimate.,26.9,0.50,0.60,100,2,2,2,19.93,2.82,50,1500000,37500,56250000,11250000,TRUE,15,TRUE,1120,112,#68912F,6.75|3.00|1.50|0.30|0.80,200,200,BREL,Commuter,LDN,UK,Europe,FALSE,London,United Kingdom
TRUE,BR Class 350,Standard Commuter,"25-GF Main Line (CAT|MW), 600V Main Line (TRA|MW)",The Siemens Desiro UK is a family of DMUs and EMUs in service in the UK and Thailand since 2003. This model is the EMU labeled Class 350 as used by London Northwestern.,44.4,0.96,0.96,60,4,4,4,20.34,2.80,100,966174,50000,75000000,15000000,TRUE,15,FALSE,600,60,#8BC63E,6.75|3.00|1.50|0.30|0.80,240,240,Siemens,Commuter,LDN,UK,Europe,FALSE,London,United Kingdom
TRUE,BR Class 730,Standard Commuter,25-GF Main Line (CAT|MW),The Alstom Aventra is a family of EMUs in service in the UK since 2015. This model is the EMU labeled Class 730 as used by London Northwestern Railway.,40.2,0.90,1.00,70,3,9,3,24.20,2.77,250,740033,50000,75000000,15000000,TRUE,15,FALSE,600,60,#B3FF51,6.75|3.00|1.50|0.30|0.80,210,630,Alstom,Commuter,"LDN, BHM","UK, UK","Europe, Europe",FALSE,"London, Birmingham (UK)","United Kingdom, United Kingdom"
TRUE,BR Class 158/159,Diesel Commuter,"Diesel Main Line (MW), 25-GF Main Line (CAT|MW), 600V Main Line (TRA|MW)",The Diesel Main Line (MW) Express (BR 158/159) is a commuter rail DMU built by BREL that entered service in 1984. Capacity is artificially higher due to game processing requirements.,26.9,0.50,0.60,67,3,6,1,19.93,2.70,150,1636812,37500,56250000,11250000,TRUE,15,TRUE,1120,112,#EE1D23,6.75|3.00|1.50|0.30|0.80,201,402,BREL,Commuter,LDN,UK,Europe,FALSE,London,United Kingdom
TRUE,BR Class 444,Standard Commuter,600V Main Line (TRA|MW),The Siemens Desiro UK is a family of DMUs and EMUs in service in the UK and Thailand since 2003. This model is the EMU labeled Class 444 as used by South Western.,44.4,0.80,0.80,75,5,10,5,23.00,2.80,250,909340,62500,93750000,18750000,TRUE,15,FALSE,600,60,#A5151A,4.50|2.00|1.00|0.30|0.80,375,750,Siemens,Commuter,LDN,UK,Europe,FALSE,London,United Kingdom
TRUE,BR Class 450,Standard Commuter,600V Main Line (TRA|MW),The Siemens Desiro UK is a family of DMUs and EMUs in service in the UK and Thailand since 2003. This model is the EMU labeled Class 444 as used by South Western.,44.4,0.98,0.98,75,4,8,4,19.70,2.80,200,1020322,62500,93750000,18750000,TRUE,15,FALSE,600,60,#700E13,4.50|2.00|1.00|0.30|0.80,300,600,Siemens,Commuter,LDN,UK,Europe,FALSE,London,United Kingdom
TRUE,BR Class 455,Standard Commuter,600V Main Line (TRA|MW),The Mark 3-based BR 455 is a commuter rail EMU built by BREL that entered service in 1983. Capacity is artificially higher due to game processing requirements.,33.5,0.58,0.58,107,4,8,4,19.90,2.82,165,1091208,62500,93750000,18750000,TRUE,15,TRUE,840,84,#49090D,4.50|2.00|1.00|0.30|0.80,428,856,BREL,Commuter,LDN,UK,Europe,FALSE,London,United Kingdom
TRUE,BR Class 458,Standard Commuter,600V Main Line (TRA|MW),The Alstom Coradia Juniper is a family of EMUs in service in the UK since 2000. This model is the EMU labeled Class 458 as used by South Western.,33.5,0.98,0.98,70,4,8,4,20.50,2.80,170,1500411,62500,93750000,18750000,TRUE,15,FALSE,600,60,#7F1017,4.50|2.00|1.00|0.30|0.80,280,560,Alstom,Commuter,LDN,UK,Europe,FALSE,London,United Kingdom
TRUE,BR Class 701,Standard Commuter,25-GF Main Line (CAT|MW),The Alstom Aventra is a family of EMUs in service in the UK since 2015. This model is the EMU labeled Class 701 as used by South Western.,40.2,0.96,0.90,130,5,10,5,20.80,2.77,220,1627719,50000,75000000,15000000,TRUE,15,FALSE,600,60,#FF2128,6.75|3.00|1.50|0.30|0.80,650,1300,Alstom,Commuter,LDN,UK,Europe,FALSE,London,United Kingdom
TRUE,BR Class 375,Standard Commuter,600V Main Line (TRA|MW),The Electrostar (BR 375) is a commuter rail EMU built by Bombardier for Southeastern that entered service in 2003. It is part of the Electrostar family.,44.4,0.62,1.00,91,4,8,4,20.20,2.8,175,1299057,62500,93750000,18750000,TRUE,15,FALSE,600,60,#0072BC,4.50|2.00|1.00|0.30|0.80,364,728,Bombardier,Commuter,LDN,UK,Europe,FALSE,London,United Kingdom
TRUE,BR Class 376,Standard Commuter,600V Main Line (TRA|MW),The Electrostar (BR 376) is a commuter rail EMU built by Bombardier for Southeastern that entered service in 2003. It is part of the Electrostar family.,33.3,0.66,1.00,56,4,8,4,20.20,2.8,175,1299057,62500,93750000,18750000,TRUE,15,FALSE,600,60,#009DFF,4.50|2.00|1.00|0.30|0.80,224,448,Bombardier,Commuter,LDN,UK,Europe,FALSE,London,United Kingdom
TRUE,BR Class 465,Standard Commuter,600V Main Line (TRA|MW),The Networker (BR 465) is a commuter rail EMU built by BREL for Southeastern that entered service in 1992. It is part of the Networker family.,33.3,0.98,0.98,84,4,8,4,20.10,2.81,165,954807,62500,93750000,18750000,TRUE,15,TRUE,840,84,#005E99,4.50|2.00|1.00|0.30|0.80,336,672,Bombardier,Commuter,LDN,UK,Europe,FALSE,London,United Kingdom
TRUE,BR Class 466,Standard Commuter,600V Main Line (TRA|MW),The Networker (BR 466) is a commuter rail EMU built by BREL for Southeastern that entered service in 1992. It is part of the Networker family.,33.3,0.98,0.98,84,4,8,2,20.80,2.80,210,954807,62500,93750000,18750000,TRUE,15,FALSE,600,60,#004570,4.50|2.00|1.00|0.30|0.80,336,672,Bombardier,Commuter,LDN,UK,Europe,FALSE,London,United Kingdom
TRUE,BR Class 707,Standard Commuter,600V Main Line (TRA|MW),The Siemens Desiro City is a family of EMUs in service in the UK since 2016. This model is the EMU labeled Class 707 as used by Southeastern.,44.4,0.85,1.10,145,5,10,5,20.30,2.80,210,818406,62500,93750000,18750000,TRUE,15,FALSE,600,60,#003251,4.50|2.00|1.00|0.30|0.80,725,1450,Siemens,Commuter,LDN,UK,Europe,FALSE,London,United Kingdom
TRUE,DLR B07,Automated Metro,750V LRT (TRU|MS),"The B07 is Automated Metro rolling stock for London's Docklands Light Railway, built by Bombardier. Cost is an estimate.",22.2,1.40,0.80,142,2,6,2,28.80,2.65,180,1250000,62000,93000000,18750000,TRUE,13,FALSE,400,40,#00AFAA,4.50|2.00|1.00|0.30|0.80,284,852,Bombardier,Metro,LDN,UK,Europe,FALSE,London,United Kingdom
TRUE,Flexity Swift LF,Standard LRT,750V LRT (CAT|MS),The Flexity Swift is a series of articulated tram/LRT/light metro vehicles produced by Bombardier/Alstom that have been in service for decades around the world. This is a genericized version of the low-floor models.,22.2,1.20,1.30,69,3,12,3,9.67,2.65,120,1720157,50000,75000000,15000000,TRUE,6.7,FALSE,200,20,#76BC21,6.75|3.00|1.50|0.30|0.80,207,828,Bombardier,LRT,"Generic, LDN, IST","Generic, UK, TR","Generic, Europe, West Asia",TRUE,"Generic, London, Istanbul","Generic, United Kingdom, Turkey"
TRUE,Silverliner V,Standard Commuter,"25-GF Main Line (CAT|AAR), NEC 12.5-60, NEC 12-25",The Silverliner V is an EMU built by Hyundai Rotem for SEPTA Regional Rail that entered service in 2010.,44.4,1.34,1.12,120,2,5,1,25.60,3.20,135,2283333,50000,75000000,15000000,TRUE,15,FALSE,600,60,#4C748C,8.44|3.75|1.88|0.30|0.90,240,600,Hyundai,Commuter,"PHI, DEN","US, US","North America, North America",FALSE,"Philadelphia, Denver","United States of America, United States of America"
TRUE,MPX-BBLC,Diesel Commuter,"U.S. Commuter Diesel, NEC 12.5-60, 25-GF Main Line (CAT|AAR), NEC 12-25, 1.5kV Main Line (CAT|AAR)",The MPI MPXpress is a line of diesel locomotives that first entered service in 2003. This specific trainset carries passengers with Bombardier BiLevel Coaches.,31.3,0.61,1.00,170,2,12,1,25.91,3.00,320,4485000,37500,56250000,11250000,TRUE,15,FALSE,800,80,#4A7729,8.44|3.75|1.88|0.30|0.90,340,2040,MPI,Commuter,"Generic, TOR, SF, LA, SEA, SLC","Generic, CA, US, US, US, US","Generic, North America, North America, North America, North America, North America",TRUE,"Generic, Toronto, San Francisco, Los Angeles, Seattle, Salt Lake City","Generic, Canada, United States of America, United States of America, United States of America, United States of America"
TRUE,RL Series 4 (BOS),Standard Metro,600V Metro (TRU|AAR),The 4th Series of rolling stock for the MBTA Red Line is a subway EMU built by CRRC. Acceleration is guessimated.,28.2,1.23,1.23,167,4,6,2,21.28,3.05,135,1996479,62000,93000000,18750000,FALSE,13,FALSE,500,50,#DA291C,5.63|2.50|1.25|0.30|0.90,668,1002,CRRC,Metro,BOS,US,North America,FALSE,Boston,United States of America
TRUE,OL Series 14 (BOS),Standard Metro,600V Metro (TRU|MW),The 14th Series of rolling stock for the MBTA Orange Line is an EMU built by CRRC. Acceleration is guessimated.,28.2,1.23,1.23,150,4,6,2,19.80,2.82,125,1996479,62000,93000000,18750000,FALSE,13,FALSE,500,50,#ED8B00,4.50|2.00|1.00|0.30|0.80,600,900,CRRC,Metro,BOS,US,North America,FALSE,Boston,United States of America
TRUE,BL Series 5 (BOS),Standard Metro,"Boston Metro Blue Line, 600V Metro (TRU|MW)",The 5th Series of rolling stock for the MBTA Blue Line is an EMU built by Siemens. Acceleration is guessimated.,17.9,1.12,1.23,170,4,6,2,14.60,2.82,100,1851064,62000,93000000,18750000,FALSE,13,FALSE,500,50,#003DA5,6.75|3.00|1.50|0.30|0.80,680,1020,Siemens,Metro,BOS,US,North America,FALSE,Boston,United States of America
TRUE,Type 8 LRV (BOS),Standard LRT,600V LRT (CAT|MS),The Type 8 is an articulated LRV built by AnsaldoBreda for the MBTA Green Line that entered service in 1999.,17.9,1.25,1.56,46,6,9,3,7.52,2.64,75,750000,50000,75000000,15000000,TRUE,6.7,TRUE,280,28,#00843D,6.75|3.00|1.50|0.30|0.80,276,414,AnsaldoBreda,LRT,BOS,US,North America,FALSE,Boston,United States of America
TRUE,Type 9 LRV (BOS),Standard LRT,600V LRT (CAT|MS),The Type 9 is an articulated LRV built by CAF for the MBTA Green Line that entered service in 2018. Acceleration is guessimated.,17.9,1.25,1.56,55,6,9,3,7.32,2.64,75,1638889,50000,75000000,15000000,TRUE,6.7,FALSE,200,20,#00BC54,6.75|3.00|1.50|0.30|0.80,330,495,CAF,LRT,BOS,US,North America,FALSE,Boston,United States of America
TRUE,Type 10 LRV (BOS),Standard LRT,600V LRT (CAT|MS),The Type 10 is an articulated LRV being built by CAF for the MBTA Green Line that will enter service in 2027. Acceleration is guessimated.,17.9,1.25,1.56,57,7,14,7,4.95,2.64,75,1135854,50000,75000000,15000000,TRUE,6.7,FALSE,200,20,#00FF6E,6.75|3.00|1.50|0.30|0.80,399,798,CAF,LRT,BOS,US,North America,FALSE,Boston,United States of America
TRUE,BART D/E,Standard Metro,BART,"The Fleet of the Future, classified as D and E series, is an electric EMU built by Bombardier/Alstom as a custom order for BART. They entered service in 2018. I genuinely could not find capacity numbers so I guesstimated.",31.3,1.34,1.34,220,2,10,2,21.34,3.20,250,2185366,68750,103125000,20625000,FALSE,13,FALSE,500,50,#0099D8,5.63|2.50|1.25|0.30|0.90,440,2200,Bombardier,Metro,SF,US,North America,FALSE,San Francisco,United States of America
TRUE,GTW 2/6 (SF),Diesel LRT,"Diesel Light Rail (AAR), U.S. Commuter Diesel",This is a variant of the Stadler GTW 2/6 which is one of the rare and bizarre Diesel Light Rail Vehicles and is in service in Austin and San Francisco.,33.5,1.00,1.00,100,2,6,2,20.45,2.95,130,3000000,37500,56250000,11250000,TRUE,6.7,FALSE,300,30,#FFE800,8.44|3.75|1.88|0.30|0.90,200,600,Stadler,LRT,"SF, DFW","US, US","North America, North America",FALSE,"San Francisco, Dallas","United States of America, United States of America"
TRUE,SC-BBLC,Diesel Commuter,"U.S. Commuter Diesel, NEC 12-25, NEC 12.5-60, 25-GF Main Line (CAT|AAR)","The Siemens Charger is a family of diesel locomotives that first entered service in 2017. This specific trainset carries passengers with Bombardier BiLevel Coach (aka Adessia Coach) cars, as used by SF's ACE.",55.9,0.69,1.30,170,2,8,1,25.91,3.00,300,4485000,37500,56250000,11250000,TRUE,15,FALSE,800,80,#A89A8F,8.44|3.75|1.88|0.30|0.90,340,1360,Siemens,Commuter,"Generic, SF","Generic, US","Generic, North America",TRUE,"Generic, San Francisco","Generic, United States of America"
TRUE,KISS,Standard Commuter,25-GF Main Line (CAT|AAR),The Stadler KISS is a family of bilevel EMU commuter rail vehicles in service since 2011 across the world. Stats vary so this is an average.,55.9,0.95,1.10,228,3,8,1,25.00,2.95,210,3489162,50000,75000000,15000000,TRUE,15,FALSE,600,60,#E31837,8.44|3.75|1.88|0.30|0.90,684,1824,Stadler,Commuter,SF,US,North America,FALSE,San Francisco,United States of America
TRUE,Nippon Sharyo DMU,Diesel Commuter,"U.S. Commuter Diesel, NEC 12-25, NEC 12.5-60, 25-GF Main Line (CAT|AAR)",The Nippon Sharyo DMU is an acutely named vehicle which has been in service since 2015 in California and Toronto.,35.3,0.35,0.94,150,2,6,1,12.95,3.05,300,1538914,37500,56250000,11250000,TRUE,15,FALSE,800,80,#EB7300,8.44|3.75|1.88|0.30|0.90,300,900,Nippon Sharyo,Commuter,"Generic, TOR, SF","Generic, CA, US","Generic, North America, North America",TRUE,"Generic, Toronto, San Francisco","Generic, Canada, United States of America"
TRUE,S200-HF (SF),Standard LRT,"600V LRT (CAT|MS), 750V LRT (CAT|MS), 1.5kV LRT (CAT|MS)",The S200 series are articulated high-floor light-rail vehicles built by Siemens that have been in service across North America since 2016. This specific model is based on the model used in San Francisco since 2017. Capacity is artificially higher due to game processing requirements.,22.4,1.34,1.34,100,2,6,2,11.43,2.65,110,2196377,50000,75000000,15000000,TRUE,6.7,FALSE,200,20,#CC3847,6.75|3.00|1.50|0.30|0.80,200,600,Siemens,LRT,SF,US,North America,FALSE,San Francisco,United States of America
TRUE,MBTA Commuter Rail,Standard Commuter,"U.S. Commuter Diesel, NEC 12-25, NEC 12.5-60, 25-GF Main Line (CAT|AAR)",Honestly I cannot come up with a good summary of these things so just know its whatever Boston uses for their rail. Acceleration is guesstimated. Cost is an estimate.,38.9,0.50,0.50,179,4,8,1,26.01,3.00,215,2500000,37500,56250000,11250000,TRUE,15,FALSE,600,60,#81286B,8.44|3.75|1.88|0.30|0.90,716,1432,"MPI,Hyundai",Commuter,BOS,US,North America,FALSE,Boston,United States of America
TRUE,F59-BBLC,Diesel Commuter,"U.S. Commuter Diesel, NEC 12.5-60, 25-GF Main Line (CAT|AAR), NEC 12-25, 1.5kV Main Line (CAT|AAR)",The EMD F59PH is a line of diesel locomotives that first entered service in the 1990s. This specific trainset carries passengers with Bombardier BiLevel Coaches.,31.3,0.50,0.50,170,2,12,1,25.91,3.00,320,3960000,37500,56250000,11250000,TRUE,15,FALSE,800,80,#801B92,8.44|3.75|1.88|0.30|0.90,340,2040,"EMD,Bombardier",Commuter,"Generic, VAN, SEA, DFW","Generic, CA, US, US","Generic, North America, North America, North America",TRUE,"Generic, Vancouver, Seattle, Dallas","Generic, Canada, United States of America, United States of America"
TRUE,DBAG 483 (BER),Standard S-Bahn,750V Main Line (TRU|UIC),The DB Class 483 is an EMU built by Stadler and Siemens for the Berlin S-Bahn that entered service in 2021.,27.8,1.00,1.30,145,2,8,2,18.40,3.14,160,2794983,62000,93000000,18750000,TRUE,13,FALSE,550,55,#008D4F,5.63|2.50|1.25|0.30|0.90,290,1160,"Stadler,Siemens",S-Bahn,BER,DE,Central Europe,FALSE,Berlin,Germany
TRUE,DBAG 481 (BER),Standard S-Bahn,750V Main Line (TRU|UIC),"The DB Class 481 is an EMU built by AEG, ADtranz, and DWA for the Berlin S-Bahn that entered service in 1996",27.8,1.00,1.30,147,2,8,2,18.40,3.14,160,1304947,62000,93000000,18750000,TRUE,13,FALSE,550,55,#00B563,5.63|2.50|1.25|0.30|0.90,294,1176,ADtranz,S-Bahn,BER,DE,Central Europe,FALSE,Berlin,Germany
TRUE,HK Series (BER),Standard Metro,750V Metro (TRA|2.3),The Series HK is a small-profile type of EMU used by the Berlin U-Bahn manufacturered by ADtranz/Bombardier from 2005-2006. Cost is an estimate.,16.7,1.00,1.20,82,4,8,4,12.90,2.30,110,1000000,62500,93750000,18750000,FALSE,13,FALSE,500,50,#DA421E,3.38|1.50|0.75|0.30|0.70,328,656,ADtranz,Metro,BER,DE,Central Europe,FALSE,Berlin,Germany
TRUE,IK Series (BER),Standard Metro,"750V Metro (TRA|2.3), 750V Metro (TRU|MS)","The Series IK is a small-profile type of EMU used by the Berlin U-Bahn manufacturered by Stadler based off their Tango family. Using bridges, some variants can operate on large profile routes. They entered service in 2015.",19.4,1.00,1.20,83,4,8,4,12.91,2.40,110,1952477,62500,93750000,18750000,FALSE,13,FALSE,500,50,#7E5330,3.38|1.50|0.75|0.30|0.70,332,664,Stadler,Metro,BER,DE,Central Europe,FALSE,Berlin,Germany
TRUE,JK Series (BER),Standard Metro,750V Metro (TRA|2.3),The Series JK is a small-profile type of EMU used by the Berlin U-Bahn manufacturered by Stadler. They entered service in 2025.,19.4,1.00,1.20,77,4,8,2,12.91,2.40,110,2372630,62500,93750000,18750000,FALSE,13,FALSE,500,50,#7DAD4C,3.38|1.50|0.75|0.30|0.70,308,616,Stadler,Metro,BER,DE,Central Europe,FALSE,Berlin,Germany
TRUE,F Series (BER),Standard Metro,750V Metro (TRU|MS),The Series F is a large-profile series of EMU used by the Berlin U-Bahn manufacturered by a variety of German corporations from 1973 to 1994. This is based on the later F84-92 models. Their acceleration is very high. Cost is an estimate.,20.0,1.50,1.20,122,2,8,2,16.05,2.65,150,1000000,62000,93000000,18750000,FALSE,13,TRUE,700,70,#224F86,4.50|2.00|1.00|0.30|0.80,244,976,"ABB,ADtranz,AEG,Orenstein & Koppel,Siemens,Waggon Union",Metro,BER,DE,Central Europe,FALSE,Berlin,Germany
TRUE,H Series (BER),Standard Metro,750V Metro (TRU|MS),The Series H is a large-profile type of EMU used by the Berlin U-Bahn manufacturered by ADtranz/Bombardier and ABB Henschel. They entered service in 1995. Cost is an estimate.,19.4,1.00,1.20,125,6,6,6,16.46,2.65,150,1000000,62000,93000000,18750000,FALSE,13,FALSE,500,50,#8C6DAB,4.50|2.00|1.00|0.30|0.80,750,750,"ADtranz,ABB",Metro,BER,DE,Central Europe,FALSE,Berlin,Germany
TRUE,J Series (BER),Standard Metro,750V Metro (TRU|MS),The Series J is a large-profile type of EMU used by the Berlin U-Bahn manufacturered by Stadler. They entered service in 2025.,19.4,1.00,1.20,108,2,8,2,16.05,2.65,150,2372630,62000,93000000,18750000,FALSE,13,FALSE,500,50,#009BD5,4.50|2.00|1.00|0.30|0.80,216,864,Stadler,Metro,BER,DE,Central Europe,FALSE,Berlin,Germany
TRUE,GTxN/M/S,Standard LRT,750V LRT (CAT|2.3),The GTxN/M/S is a series of ADTranz/Bombardier low-floor trams that was first built in 1989 and is in use across germany. The N/M/S refers to the gauge. Capacity is artificially higher due to game processing requirements. Cost is an estimate.,19.4,1.00,1.00,67,3,6,3,8.93,2.30,60,500000,50000,75000000,15000000,TRUE,6.7,TRUE,280,28,#C98836,5.06|2.25|1.13|0.30|0.70,201,402,ADtranz,LRT,BER,DE,Central Europe,FALSE,Berlin,Germany
TRUE,Flexity Berlin S,Standard LRT,750V LRT (CAT|2.3),The Flexity Berlin is an articulated low-floor LRV produced by Bombardier/Alstom as a derivative of their Flexity family. It entered service in 2009. This is the shorter 5 segment version. Capacity is artificially higher due to game processing requirements.,19.4,0.73,0.73,40,5,5,5,6.16,2.40,60,576210,50000,75000000,15000000,TRUE,6.7,FALSE,200,20,#085696,5.06|2.25|1.13|0.30|0.70,200,200,Bombardier,LRT,BER,DE,Central Europe,FALSE,Berlin,Germany
TRUE,Flexity Berlin L,Standard LRT,750V LRT (CAT|2.3),The Flexity Berlin is an articulated low-floor LRV produced by Bombardier/Alstom as a derivative of their Flexity family. It entered service in 2009. This is the longer 7 segment version.,19.4,0.65,0.65,34,7,7,7,5.71,2.40,60,576210,50000,75000000,15000000,TRUE,6.7,FALSE,200,20,#107C42,5.06|2.25|1.13|0.30|0.70,238,238,Bombardier,LRT,BER,DE,Central Europe,FALSE,Berlin,Germany
TRUE,Urbanliner Berlin,Standard LRT,750V LRT (CAT|2.3),The Urbanliner Berlin is an articulated low-floor LRV produced by Alstom as a longer (9-car) sequel to the Flexity Berlin. It entered service in 2025.,19.4,0.65,0.65,34,9,9,9,5.56,2.40,60,643291,50000,75000000,15000000,TRUE,6.7,FALSE,200,20,#14988A,5.06|2.25|1.13|0.30|0.70,306,306,Alstom,LRT,BER,DE,Central Europe,FALSE,Berlin,Germany
TRUE,AnsaldoBreda DM-S,Automated Metro,"1.5kV Auto Metro (TRU|AAR), 750V Metro (TRU|MS), 750V Auto Metro (TRA|AAR), 1.5kV Auto Metro (CAT|MW)","The Hitachi Rail Italy Driverless Metro (formerly AnsaldoBreda) is a fully autonomous EMU family used across the globe. This specific model is based on those used by Copenhagen, Brescia, and Milan since 2013.",25.0,1.30,1.30,102,3,4,1,13.00,2.65,60,1853617,62000,97650000,19687500,FALSE,13,FALSE,400,40,#9E0817,5.63|2.50|1.25|0.30|0.90,306,408,"AnsaldoBreda,Hitachi",Metro,"Generic, CPH","Generic, DK","Generic, Northern Europe",TRUE,"Generic, Copenhagen","Generic, Denmark"
TRUE,AnsaldoBreda DM-M,Automated Metro,"1.5kV Auto Metro (TRU|AAR), 750V Metro (TRU|MS), 750V Auto Metro (TRA|AAR), 1.5kV Auto Metro (CAT|MW)",The Hitachi Rail Italy Driverless Metro (formerly AnsaldoBreda) is a fully autonomous EMU family used across the globe. This specific model is based on those used by the New Taipei metro since 2020.,29.2,1.20,1.00,162,4,4,4,16.11,2.65,75,1988822,62000,97650000,19687500,FALSE,13,FALSE,400,40,#0081A0,5.63|2.50|1.25|0.30|0.90,648,648,"AnsaldoBreda,Hitachi",Metro,Generic,Generic,Generic,TRUE,Generic,Generic
TRUE,AnsaldoBreda DM-L4,Automated Metro,"1.5kV Auto Metro (TRU|AAR), 750V Metro (TRU|MS), 750V Auto Metro (TRA|AAR), 1.5kV Auto Metro (CAT|MW)",The Hitachi Rail Italy Driverless Metro (formerly AnsaldoBreda) is a fully autonomous EMU family used across the globe. This specific model is based on those used by the Honolulu Skyline since 2023. Cost is adjusted down bc Hawaii.,29.2,1.30,1.30,200,4,4,4,19.55,3.05,85,2010000,62000,97650000,19687500,FALSE,13,FALSE,400,40,#124573,5.63|2.50|1.25|0.30|0.90,800,800,"AnsaldoBreda,Hitachi",Metro,"Generic, HNL","Generic, US","Generic, North America",TRUE,"Generic, Honolulu","Generic, United States of America"
TRUE,AnsaldoBreda DM-L6,Automated Metro,"1.5kV Auto Metro (CAT|MW), 750V Metro (TRU|MS), 750V Auto Metro (TRA|AAR), 1.5kV Auto Metro (TRU|AAR)",The Hitachi Rail Italy Driverless Metro (formerly AnsaldoBreda) is a fully autonomous EMU family used across the globe. This specific model is based on those used by Rome's Metro since 2014.,25.0,1.30,1.30,200,6,6,6,18.23,2.85,120,1871741,50000,78750000,15750000,FALSE,13,FALSE,400,40,#008751,6.75|3.00|1.50|0.30|0.80,1200,1200,"AnsaldoBreda,Hitachi",Metro,"Generic, ROM","Generic, IT","Generic, Southern Europe",TRUE,"Generic, Rome","Generic, Italy"
TRUE,AnsaldoBreda DM-7,Automated Metro,"1.5kV Auto Metro (CAT|MW), 750V Metro (TRU|MS), 750V Auto Metro (TRA|AAR), 1.5kV Auto Metro (TRU|AAR)",The Hitachi Rail Italy Driverless Metro (formerly AnsaldoBreda) is a fully autonomous EMU family used across the globe. This specific model is based on those used by Lima's Metro since 2017.,25.0,1.30,1.30,184,6,7,1,17.82,2.71,130,1984127,50000,78750000,15750000,FALSE,13,FALSE,400,40,#FFB81C,6.75|3.00|1.50|0.30|0.80,1104,1288,"AnsaldoBreda,Hitachi",Metro,"Generic, LIM","Generic, PE","Generic, South America",TRUE,"Generic, Lima","Generic, Peru"
TRUE,Litra SA/SE (CPH),Standard Commuter,CPH S-Tog,The Litra SA/SE is an EMU produced by Alstom and Siemens for the Copenhagen S-Tog system which entered service in 1996.,33.3,1.30,1.20,87,4,16,4,10.47,3.52,180,2500000,50000,75000000,15000000,TRUE,15,FALSE,600,60,#BD2D3D,10.13|4.50|2.25|0.30|1.00,348,1392,"Alstom, Siemens",Commuter,CPH,DK,Northern Europe,FALSE,Copenhagen,Denmark
TRUE,MF 19 (PAR),Standard Metro,750V Metro (TRA|UN),The MF 19 is a steel-wheeled subway EMU produced by Alstom for the Paris Metro based on the Metropolis family. This is the standard version which comes in either 4 or 5 car sets. It entered service in 2025. Acceleration is a guesstimate.,19.4,0.95,1.10,105,4,5,1,15.20,2.40,85,1689741,62500,93750000,18750000,FALSE,13,FALSE,500,50,#E3B32A,3.38|1.50|0.75|0.30|0.70,420,525,Alstom,Metro,PAR,FR,Western Europe,FALSE,Paris,France
TRUE,MF 19 L (PAR),Standard Metro,750V Metro (TRA|UN),The MF 19 is a steel-wheeled subway EMU produced by Alstom for the Paris Metro based on the Metropolis family. This is the slightly longer version which comes in 5 car sets. It will enter service in 2027. Acceleration is a guesstimate.,19.4,0.95,1.10,118,5,5,5,15.50,2.40,85,1689741,62500,93750000,18750000,FALSE,13,FALSE,500,50,#F3A4BA,3.38|1.50|0.75|0.30|0.70,590,590,Alstom,Metro,PAR,FR,Western Europe,FALSE,Paris,France
TRUE,MF 19 L CA (PAR),Automated Metro,750V Auto Metro (TRA|UN),The MF 19 is a steel-wheeled subway EMU produced by Alstom for the Paris Metro based on the Metropolis family. This is the automated version which will be deployed in the 2030s once Line 13 is automated. Acceleration is a guesstimate.,19.4,0.95,1.10,118,5,5,5,15.50,2.40,85,1689741,62500,98437500,19687500,FALSE,13,FALSE,400,40,#98D4E2,3.38|1.50|0.75|0.30|0.70,590,590,Alstom,Metro,PAR,FR,Western Europe,FALSE,Paris,France
TRUE,MF 01 (PAR),Standard Metro,750V Metro (TRA|UN),The MF 01 is a steel-wheeled subway EMU produced by Alstom for the Paris Metro based on the Metropolis family.  It entered service in 2008. ,19.4,0.95,1.10,111,5,5,5,15.00,2.40,85,1097170,62500,93750000,18750000,FALSE,13,FALSE,500,50,#0064B0,3.38|1.50|0.75|0.30|0.70,555,555,Alstom,Metro,PAR,FR,Western Europe,FALSE,Paris,France
TRUE,MP 14 CC (PAR),Rubber Metro,Rubber Metro (Paris),The MP 14 CC is a rubber-wheeled subway EMU produced by Alstom for the Paris Metro based on the Metropolis family. It entered service in 2023. ,22.2,1.35,1.35,117,6,8,2,15.00,2.45,125,1862515,75000,112500000,20250000,FALSE,13,FALSE,600,60,#6E491E,3.38|1.50|0.75|0.30|0.70,702,936,Alstom,Metro,PAR,FR,Western Europe,FALSE,Paris,France
TRUE,MP 14 CA (PAR),Automated Rubber Metro,Rubber Auto Metro (Paris),The MP 14 CA is an automated rubber-wheeled subway EMU produced by Alstom for the Paris Metro based on the Metropolis family. It entered service in 2020. ,22.2,1.35,1.35,141,5,5,5,15.00,2.45,80,1966317,75000,118125000,21262500,FALSE,13,FALSE,500,50,#662483,3.38|1.50|0.75|0.30|0.70,705,705,Alstom,Rubber Metro,PAR,FR,Western Europe,FALSE,Paris,France
TRUE,MP 05 (PAR),Automated Rubber Metro,Rubber Auto Metro (Paris),The MP 05 is an automated rubber-wheeled subway EMU produced by Alstom for the Paris Metro based on the Metropolis family. It entered service in 2011. ,22.2,1.35,1.35,120,6,6,6,15.05,2.45,100,1912630,75000,118125000,21262500,FALSE,13,FALSE,500,50,#FFCE00,3.38|1.50|0.75|0.30|0.70,720,720,Alstom,Rubber Metro,PAR,FR,Western Europe,FALSE,Paris,France
TRUE,MP 89 CC (PAR),Rubber Metro,Rubber Metro (Paris),The MP 89 CC is a rubber-wheeled subway EMU produced by Alstom for the Paris Metro based on the Metropolis family. It entered service in 1997. Cost is an estimate.,19.4,1.34,1.34,120,5,6,1,15.00,2.45,100,1000000,75000,112500000,20250000,FALSE,13,FALSE,600,60,#83C491,3.38|1.50|0.75|0.30|0.70,600,720,Alstom,Metro,PAR,FR,Western Europe,FALSE,Paris,France
TRUE,MP 89 CA (PAR),Automated Rubber Metro,Rubber Auto Metro (Paris),The MP 89 CA is an automated rubber-wheeled subway EMU produced by Alstom for the Paris Metro based on the Metropolis family. It entered service in 1998. Cost is an estimate.,22.2,1.34,1.34,120,5,6,1,15.00,2.45,100,1000000,75000,118125000,21262500,FALSE,13,FALSE,500,50,#C04191,3.38|1.50|0.75|0.30|0.70,600,720,Alstom,Rubber Metro,PAR,FR,Western Europe,FALSE,Paris,France
TRUE,MRV (PAR),Automated Metro,1.5kV Auto Metro (TRU|NAR),The MRV is an automated steel-wheeled subway EMU being developed by Alstom for the Paris Metro's future Line 18 based on the Metropolis family. It has unique electrification. Some numbers are guesstimated since this set is not out yet.,27.8,1.10,1.20,166,3,6,3,15.00,2.50,125,4275009,62000,97650000,19687500,FALSE,13,FALSE,400,40,#00A88F,4.50|2.00|1.00|0.30|0.80,498,996,Alstom,Metro,PAR,FR,Western Europe,FALSE,Paris,France
TRUE,MR3V/MR6V (PAR),Automated Metro,1.5kV Auto Metro (CAT|MW),The MR3V/MR6V is an automated steel-wheeled subway EMU being developed by Alstom for the Paris Metro's future Lines 15-17 based on the Metropolis family. These three lines will built to more modern standards. Some numbers are guesstimated since this set is not out yet.,30.6,1.10,1.20,167,3,6,3,18.00,2.80,125,1626803,50000,78750000,15750000,FALSE,13,FALSE,400,40,#B90845,6.75|3.00|1.50|0.30|0.80,501,1002,Alstom,Metro,PAR,FR,Western Europe,FALSE,Paris,France
FALSE,Altéo (PAR),Standard S-Bahn,"Transilien Narrow DC, Transilien Narrow AC",The MI 2N Altéo is a double-decker EMU built by Alstom as part of their X'Trapolis family that has been in service on the French RER's line A since 1997. They were refurbrished from 2019-2021.,33.3,1.15,1.15,261,5,10,5,22.00,2.90,230,,50000,75000000,15000000,TRUE,13,FALSE,550,55,#E3051C,6.75|3.00|1.50|0.30|0.80,1305,2610,Alstom,S-Bahn,PAR,FR,Western Europe,FALSE,Paris,France
TRUE,MI 09 (PAR),Standard S-Bahn,"Transilien Narrow DC, Transilien Narrow AC",The MI 09 is a double-decker EMU built by Alstom/Bombardier as part of their X'Trapolis family that has been in service on the French RER's Line A since 2011. ,33.3,1.00,1.15,260,5,10,5,22.00,2.90,230,3626170,50000,75000000,15000000,TRUE,13,FALSE,550,55,#A80518,6.75|3.00|1.50|0.30|0.80,1300,2600,Bombardier,S-Bahn,PAR,FR,Western Europe,FALSE,Paris,France
TRUE,MI 79/84 (PAR),Standard S-Bahn,"Transilien Narrow DC, Transilien Narrow AC",The MI 79/84 is an EMU built by Alstom and SFB that has been in service on the French RER's Line B since 1981. Cost is an estimate.,38.9,1.00,1.10,210,4,8,4,26.00,2.80,230,2500000,50000,75000000,15000000,TRUE,13,FALSE,550,55,#5291CE,6.75|3.00|1.50|0.30|0.80,840,1680,"Alstom, SFB",S-Bahn,PAR,FR,Western Europe,FALSE,Paris,France
TRUE,MI 20 (PAR),Standard S-Bahn,"Transilien Narrow DC, Transilien Narrow AC",The MI 20 is a mixed single-double decker EMU built by Alstom/Bombardier and CAF that will enter service on the French RER's line B in 2029. Width and acceleration taken from previous models due to lack of info.,33.3,1.00,1.10,153,7,14,7,14.86,2.80,230,2901945,50000,75000000,15000000,TRUE,13,FALSE,550,55,#4072A0,6.75|3.00|1.50|0.30|0.80,1071,2142,"Bombardier,CAF",S-Bahn,PAR,FR,Western Europe,FALSE,Paris,France
TRUE,Z 5600,Standard S-Bahn,Transilien Narrow DC,"The Z 5600 is a commuter rail double-decker EMU built by CIMT, TCF, and TCO that operates on Transilien's C and V lines. It entered service in 1982, and was renevated from 2009-2017. Acceleration is a guesstimate. Cost is an estimate.",38.9,1.00,0.85,273,4,8,2,24.55,2.85,230,2500000,50000,75000000,15000000,TRUE,13,TRUE,770,77,#F3A4BA,6.75|3.00|1.50|0.30|0.80,1092,2184,"CIMT,TCO,TCF",S-Bahn,PAR,FR,Western Europe,FALSE,Paris,France
TRUE,Z 8800,Standard S-Bahn,"Transilien Narrow DC, Transilien Narrow AC","The Z 8800 is a commuter rail double-decker EMU built by CIMT, ANF, and TCO that operates on Transilien's C, U, and V lines. It entered service in 1985, and was renevated from 2010-2017. Acceleration is a guesstimate. Cost is an estimate.",38.9,1.00,0.85,227,4,8,4,24.69,2.85,230,2500000,50000,75000000,15000000,TRUE,13,TRUE,770,77,#B90845,6.75|3.00|1.50|0.30|0.80,908,1816,"CIMT,TCO,ANF",S-Bahn,PAR,FR,Western Europe,FALSE,Paris,France
TRUE,Z 20500,Standard S-Bahn,"Transilien Narrow DC, Transilien Narrow AC","The Z 20500 is a commuter rail double-decker EMU built by CIMT, ANF, and Alstom that operates on Transilien's C, P, and V lines. It entered service in 1988, and has been refurbrished at various points since 2007. Capacity is an estimate. Cost is an estimate.",38.9,1.00,0.85,260,4,8,4,24.69,2.85,230,2500000,50000,75000000,15000000,TRUE,13,TRUE,770,77,#C49D00,6.75|3.00|1.50|0.30|0.80,1040,2080,"CIMT,ANF,Alstom",S-Bahn,PAR,FR,Western Europe,FALSE,Paris,France
TRUE,Z 20900,Standard S-Bahn,"Transilien Narrow DC, Transilien Narrow AC","The Z 20900 is a commuter rail double-decker EMU built by Alstom/Bombardier that operates on Transilien's C and V lines. It entered service in 2001, and was renovated from 2019-2023. Capacity is an estimate. Cost is an estimate.",38.9,1.00,0.95,270,4,8,4,25.88,2.82,230,3000000,50000,75000000,15000000,TRUE,13,FALSE,550,55,#9F9825,6.75|3.00|1.50|0.30|0.80,1080,2160,Bombardier,S-Bahn,PAR,FR,Western Europe,FALSE,Paris,France
TRUE,Regio 2N Paris,Standard S-Bahn,"1.5kV Main Line (CAT|AAR), 25-GF Main Line (CAT|AAR)","The Regio 2N is a family of double-decker EMUs built by Alstom/Bombardier that have been in service since 2013. This variant is the Transilien's Z 57000, which serves lines D, N, and R.",44.4,0.78,1.00,231,4,8,4,28.13,2.99,230,1965281,50000,75000000,15000000,TRUE,13,FALSE,550,55,#00A88F,8.44|3.75|1.88|0.30|0.90,924,1848,Bombardier,S-Bahn,PAR,FR,Western Europe,FALSE,Paris,France
TRUE,Z 58000,Standard S-Bahn,"1.5kV Main Line (CAT|AAR), 25-GF Main Line (CAT|AAR)",The RER Next Generation is a commuter rail double-decker EMU built by Alstom based off their Adessia Max family that entered service in 2023. This is the 6-car variant used on line E.,38.9,1.18,1.15,240,6,12,6,18.67,3.00,230,2688025,50000,75000000,15000000,TRUE,13,FALSE,550,55,#C04191,8.44|3.75|1.88|0.30|0.90,1440,2880,Alstom,S-Bahn,PAR,FR,Western Europe,FALSE,Paris,France
TRUE,Z 58500,Standard S-Bahn,"1.5kV Main Line (CAT|AAR), 25-GF Main Line (CAT|AAR)",The RER Next Generation is a commuter rail double-decker EMU built by Alstom based off their Adessia Max family that entered service in 2023. This is the 7-car variant used on line D.,38.9,1.04,1.15,240,7,7,7,18.57,3.00,230,2688025,50000,75000000,15000000,TRUE,13,FALSE,550,55,#00814F,8.44|3.75|1.88|0.30|0.90,1680,1680,Bombardier,S-Bahn,PAR,FR,Western Europe,FALSE,Paris,France
TRUE,Éole (PAR),Standard S-Bahn,"1.5kV Main Line (CAT|AAR), 25-GF Main Line (CAT|AAR)",The Z 22500 Éole is a commuter rail double-decker EMU built by ANF and Alstom that operates on the RER E Line. It entered service in 1996. Cost is an estimate.,38.9,1.00,1.15,267,5,10,5,22.40,2.90,230,2500000,50000,75000000,15000000,TRUE,13,FALSE,550,55,#8E306C,8.44|3.75|1.88|0.30|0.90,1335,2670,"ANF,Alstom",S-Bahn,PAR,FR,Western Europe,FALSE,Paris,France
TRUE,Francilien-7 (PAR),Standard S-Bahn,"1.5kV Main Line (CAT|AAR), 25-GF Main Line (CAT|AAR)",The Z 22500 Francilien is a commuter rail double-decker EMU built by Bombardier that entered service in 2009. This is the 7 car variant seen on Transilien's J and L lines.,38.9,1.00,1.05,109,7,14,7,13.47,3.06,230,1822826,50000,75000000,15000000,TRUE,13,FALSE,550,55,#CEADD2,8.44|3.75|1.88|0.30|0.90,763,1526,Bombardier,S-Bahn,PAR,FR,Western Europe,FALSE,Paris,France
TRUE,Francilien-8 (PAR),Standard S-Bahn,"1.5kV Main Line (CAT|AAR), 25-GF Main Line (CAT|AAR)","The Z 22500 Francilien is a commuter rail double-decker EMU built by Bombardier that entered service in 2009. This is the 8 car variant seen on Transilien's E, H, K, and P lines.",38.9,1.00,1.05,115,8,16,8,14.06,3.06,230,1822826,50000,75000000,15000000,TRUE,13,FALSE,550,55,#8D5E2A,8.44|3.75|1.88|0.30|0.90,920,1840,Bombardier,S-Bahn,PAR,FR,Western Europe,FALSE,Paris,France
TRUE,Prima-VB2N,Standard S-Bahn,"1.5kV Main Line (CAT|AAR), 25-GF Main Line (CAT|AAR)",The BB 27300 is an electric passenger locomotive built by Alstom as a derivative of 27000 Prima Family that entered service in 2006. This trainset carries passengers with VB 2N double-decker cars. It is currently being used on Transilien's Line J. Acceleration is an estimate. Cost is an estimate,38.9,0.50,0.67,250,4,8,1,24.78,2.85,230,3000000,50000,75000000,15000000,TRUE,13,FALSE,550,55,#D5C900,8.44|3.75|1.88|0.30|0.90,1000,2000,Alstom,S-Bahn,PAR,FR,Western Europe,FALSE,Paris,France
TRUE,B 82500 BIBI,Dual-Mode Commuter,"U.S. Commuter Diesel, 1.5kV Main Line (CAT|AAR), 25-GF Main Line (CAT|AAR)",The B 82500 'BIBI' is a commuter rail double-decker dual-mode MU built by Bombardier that entered service in 2007. It operates on the Transilien's P line.,44.4,0.50,0.67,220,4,12,4,18.20,2.95,230,1680613,37500,56250000,11250000,TRUE,15,FALSE,650,65,#F57F3A,8.44|3.75|1.88|0.30|0.90,880,2640,Bombardier,Commuter,PAR,FR,Western Europe,FALSE,Paris,France
FALSE,TFS-2 (France),Standard LRT,750V LRT (CAT|UN),The Standard French Tram (TFS) is an articulated LRV built by Alstom that has been in service since the 1980s. This is the 2nd generation. Capacity is artifically higher due to game limitations.,19.4,0.92,1.50,67,3,3,3,9.80,2.30,35,,50000,75000000,15000000,TRUE,6.7,FALSE,200,20,#0064B0,5.06|2.25|1.13|0.30|0.70,201,201,Alstom,LRT,PAR,FR,Western Europe,FALSE,Paris,France
TRUE,Citadis 302 N,Standard LRT,750V LRT (CAT|UN),"The Citadis is a family of articulated low-floor LRVs built by Alstom that have been in service since 2000. This is the 2nd generation, narrow, five section version.",19.4,1.30,1.20,45,5,10,5,6.44,2.40,70,1000000,50000,75000000,15000000,TRUE,6.7,FALSE,200,20,#C04191,5.06|2.25|1.13|0.30|0.70,225,450,Alstom,LRT,"Generic, PAR","Generic, FR","Generic, Western Europe",TRUE,"Generic, Paris","Generic, France"
TRUE,Citadis 402,Standard LRT,750V LRT (CAT|MS),"The Citadis is a family of articulated low-floor LRVs built by Alstom that have been in service since 2000. This is the 2nd generation, seven section version.",19.4,1.30,1.20,43,7,7,7,6.25,2.65,70,1000000,50000,75000000,15000000,TRUE,6.7,FALSE,200,20,#F28E42,6.75|3.00|1.50|0.30|0.80,301,301,Alstom,LRT,"Generic, PAR","Generic, FR","Generic, Western Europe",TRUE,"Generic, Paris","Generic, France"
TRUE,Citadis 305 N,Standard LRT,750V LRT (CAT|UN),"The Citadis is a family of articulated low-floor LRVs built by Alstom that have been in service since 2000. This is the 5th generation, narrow, five section version.",19.4,1.30,1.20,60,5,5,5,8.68,2.40,70,1000000,50000,75000000,15000000,TRUE,6.7,FALSE,200,20,#0094FF,5.06|2.25|1.13|0.30|0.70,300,300,Alstom,LRT,"Generic, PAR, ATH","Generic, FR, GR","Generic, Western Europe, Southern Europe",TRUE,"Generic, Paris, Athens","Generic, France, Greece"
TRUE,Citadis 405,Standard LRT,750V LRT (CAT|MS),"The Citadis is a family of articulated low-floor LRVs built by Alstom that have been in service since 2000. This is the 5th generation, seven section version.",19.4,1.30,1.20,49,7,7,7,6.43,2.65,70,1000000,50000,75000000,15000000,TRUE,6.7,FALSE,200,20,#5291CE,6.75|3.00|1.50|0.30|0.80,343,343,Alstom,LRT,"Generic, PAR","Generic, FR","Generic, Western Europe",TRUE,"Generic, Paris","Generic, France"
TRUE,Citadis Dualis,Standard LRT,"750V LRT (CAT|MS), 1.5kV LRT (CAT|MS), 25-GF LRT (CAT|MS)",The Citadis Dualis is a tram-train produced by Alstom that has been in service in France since 2010.,27.8,1.09,1.20,63,4,12,4,10.50,2.65,130,963881,50000,75000000,15000000,TRUE,6.7,FALSE,200,20,#E3B32A,6.75|3.00|1.50|0.30|0.80,252,756,Alstom,LRT,"Generic, PAR","Generic, FR","Generic, Western Europe",TRUE,"Generic, Paris","Generic, France"
FALSE,NTL Translohr-3,Rubber LRT,Paris Rubber Tram,The Translohr is a rubber-wheeled articulated tram built by NTL/Lohr that has been in service since 2006. This is the 3 segment version. Acceleration is guesstimated. Capacity is artifically higher due to game limitations.,19.4,1.30,1.30,67,3,3,3,8.33,2.20,30,,50000,75000000,15000000,TRUE,6.7,FALSE,250,25,#E3051C,5.06|2.25|1.13|0.30|0.70,201,201,"NTL,Lohr",LRT,PAR,FR,Western Europe,FALSE,Paris,France
FALSE,NTL Translohr-6,Rubber LRT,Paris Rubber Tram,The Translohr is a rubber-wheeled articulated tram built by NTL/Lohr that has been in service since 2006. This is the 6 segment version Acceleration is guesstimated,19.4,1.30,1.30,60,6,6,6,7.67,2.20,50,,50000,75000000,15000000,TRUE,6.7,FALSE,250,25,#E3051C,5.06|2.25|1.13|0.30|0.70,360,360,"NTL,Lohr",LRT,PAR,FR,Western Europe,FALSE,Paris,France
TRUE,Avenio (CPH),Standard LRT,750V LRT (CAT|MS),The Siemens Avenio is a low-floor LRV family that has been in service since 2009. This is the version used in Copenhagen.,22.2,1.20,1.20,65,4,4,4,9.23,2.65,50,1075098,50000,75000000,15000000,TRUE,6.7,FALSE,200,20,#56C271,6.75|3.00|1.50|0.30|0.80,260,260,Siemens,LRT,CPH,DK,Northern Europe,FALSE,Copenhagen,Denmark
TRUE,Variobahn 32m,Standard LRT,750V LRT (CAT|MS),"The Stadler Variobahn is a low-floow LRV that has been in service across the world since 1993. This is the 32m, standard gauge and width model. Acceleration is a guesstimate.",22.2,1.20,1.20,43,5,5,5,6.40,2.65,40,644564,50000,75000000,15000000,TRUE,6.7,FALSE,200,20,#C4003E,6.75|3.00|1.50|0.30|0.80,215,215,Stadler,LRT,"LDN, CPH","UK, DK","Europe, Northern Europe",FALSE,"London, Copenhagen","United Kingdom, Denmark"
TRUE,Variobahn Odense,Standard LRT,750V LRT (CAT|MS),"The Stadler Variobahn is a low-floow LRV that has been in service across the world since 1993. This is the 30m, standard gauge and width model, used by Odense. Acceleration is a guesstimate.",22.2,1.20,1.20,40,5,5,5,5.84,2.65,40,600000,50000,75000000,15000000,TRUE,6.7,FALSE,200,20,#EF3B24,6.75|3.00|1.50|0.30|0.80,200,200,Stadler,LRT,CPH,DK,Northern Europe,FALSE,Copenhagen,Denmark
FALSE,ET (DSB),Standard Commuter,"25-GF Main Line (CAT|UIC), 15-16.6 Main Line (CAT|UIC)",The ET (also known as the X31K) is a regional rail EMU built by ADTranz/Alstom for service between Copenhagen and Malmo. It has been in service since 1999.,50.0,0.87,0.87,79,3,12,3,26.30,2.97,350,,50000,75000000,15000000,TRUE,15,FALSE,600,60,#005B99,8.44|3.75|1.88|0.30|0.90,237,948,ADtranz,Commuter,CPH,DK,Northern Europe,FALSE,Copenhagen,Denmark
TRUE,ES/IC5 (DSB),Standard Commuter,25-GF Main Line (CAT|UIC),The ES (also known as the IC5) is a regional / intercity EMU built by Alstom based off their Coradia Stream for Danish State Railways. It will enter service in 2027.,55.6,1.20,1.20,65,5,15,5,21.88,2.82,350,3321682,50000,75000000,15000000,TRUE,15,FALSE,600,60,#D00C33,8.44|3.75|1.88|0.30|0.90,325,975,Alstom,Commuter,CPH,DK,Northern Europe,FALSE,Copenhagen,Denmark
FALSE,ER/IR4 (DSB),Standard Commuter,25-GF Main Line (CAT|UIC),The ER (also known as IR4) is a regional rail EMU built by ABB Scandia for Danish State Railways that entered service in the 1990s. ,50.0,0.78,0.78,60,4,16,4,19.13,3.10,350,,50000,75000000,15000000,TRUE,15,TRUE,840,84,#910824,8.44|3.75|1.88|0.30|0.90,240,960,ABB,Commuter,CPH,DK,Northern Europe,FALSE,Copenhagen,Denmark
TRUE,IC4 (DSB),Diesel Commuter,"EU Commuter Diesel, 25-GF Main Line (CAT|UIC), 15-16.6 Main Line (CAT|UIC)",The IC4 is a regional / intercity DMU built by AnsaldoBreda for DSB and also one for Muammar Gaddafi that entered full service in 2012. ,55.6,0.90,0.90,53,4,12,4,21.63,3.15,350,2843217,37500,56250000,11250000,TRUE,15,FALSE,800,80,#CE2B37,8.44|3.75|1.88|0.30|0.90,212,636,AnsaldoBreda,Commuter,"CPH, GADAF","DK, LY","Northern Europe, North Africa",FALSE,"Copenhagen, Muammar Gaddafi","Denmark, Libya"
TRUE,Series 500 (BCN),Automated Metro,1.5kV Auto Metro (CAT|BCN),"The Series 500 is an automated derivative of the Series 2100 heavy metro EMU built by CAF, Meinfesa, and Alstom for the Barcelona metro. It entered service in 2003. Acceleration is a guesstimate.",22.2,0.90,1.08,141,2,2,2,16.50,2.71,40,1425979,50000,78750000,15750000,FALSE,13,TRUE,560,56,#B4CD56,6.75|3.00|1.50|0.30|0.80,282,282,"CAF,Meinfesa,Alstom",Metro,BCN,ES,Southern Europe,FALSE,Barcelona,Spain
TRUE,Series 2100 (BCN),Standard Metro,1.2kV Metro (CAT|BCN),"The Series 2100 is a heavy metro EMU built by CAF, Meinfesa, and Alstom for the Barcelona metro that entered service in 1995. They were renovated in 2019. Acceleration is a guesstimate.",22.2,1.00,1.20,141,5,5,5,16.50,2.71,100,1425979,50000,75000000,15000000,FALSE,13,TRUE,700,70,#FCBE00,6.75|3.00|1.50|0.30|0.80,705,705,"CAF,Meinfesa,Alstom",Metro,BCN,ES,Southern Europe,FALSE,Barcelona,Spain
TRUE,Series 5000 (BCN),Standard Metro,1.2kV Metro (CAT|BCN),The Series 5000 is a heavy metro EMU built by CAF and Mitsubishi for the Barcelona metro that entered service in 2005. Acceleration is a guesstimate.,22.2,1.00,1.20,185,5,5,5,17.80,2.71,100,1301905,50000,75000000,15000000,FALSE,13,FALSE,500,50,#0177BC,6.75|3.00|1.50|0.30|0.80,925,925,"CAF,Meinfesa,Mitsubishi",Metro,BCN,ES,Southern Europe,FALSE,Barcelona,Spain
TRUE,Series 6000 (BCN),Standard Metro,1.5kV IB Metro (CAT|UIC),The Series 6000 is an Iberian Gauge heavy metro EMU built by CAF for the Barcelona metro that entered service in 2007. Acceleration is a guesstimate.,22.2,1.00,1.20,231,5,5,5,16.84,3.10,100,1328673,55000,82500000,16500000,FALSE,13,FALSE,500,50,#DF2937,8.44|3.75|1.88|0.30|0.90,1154,1154,CAF,Metro,BCN,ES,Southern Europe,FALSE,Barcelona,Spain
TRUE,Series 7000 (BCN),Standard Metro,1.2kV Metro (CAT|BCN),The Alstom Metropolis is a series of metro EMUs in service across the world since 1993. The Series 8000 is a heavy metro variant built for the Barceolona Metro line that entered service in 2023. Acceleration is a guesstimate.,22.2,1.00,1.20,170,5,5,5,17.80,2.71,100,1468771,50000,75000000,15000000,FALSE,13,FALSE,500,50,#3AA83E,6.75|3.00|1.50|0.30|0.80,850,850,Alstom,Metro,BCN,ES,Southern Europe,FALSE,Barcelona,Spain
TRUE,Series 8000 (BCN),Standard Metro,1.5kV IB Metro (CAT|UIC),The Alstom Metropolis is a series of metro EMUs in service across the world since 1993. The Series 8000 is a heavy metro variant built for the Barceolona Metro's wide gauge line that entered service in 2023. Acceleration is a guesstimate.,22.2,1.00,1.20,220,5,5,5,17.80,3.10,100,1468771,55000,82500000,16500000,FALSE,13,FALSE,500,50,#FF3041,8.44|3.75|1.88|0.30|0.90,1100,1100,Alstom,Metro,BCN,ES,Southern Europe,FALSE,Barcelona,Spain
TRUE,Series 9000 (BCN),Standard Metro,"1.2kV Metro (CAT|BCN), 1.5kV Metro (CAT|BCN), 1.5kV Auto Metro (CAT|BCN)",The Alstom Metropolis is a series of metro EMUs in service across the world since 1993. The Series 9000 is a semi-autonomous heavy metro variant built for the Barceolona Metro that entered service in 2006.,22.2,1.00,1.20,192,5,5,5,17.22,2.71,100,1376125,50000,75000000,15000000,FALSE,13,FALSE,500,50,#993C8C,6.75|3.00|1.50|0.30|0.80,960,960,Alstom,Metro,BCN,ES,Southern Europe,FALSE,Barcelona,Spain
TRUE,Series 9000 A (BCN),Automated Metro,1.5kV Auto Metro (CAT|BCN),The Alstom Metropolis is a series of metro EMUs in service across the world since 1993. The Series 9000 A is an autonomous heavy metro variant built for the Barceolona Metro that entered service in 2006.,22.2,1.00,1.08,192,5,5,5,17.22,2.71,100,1376125,50000,78750000,15750000,FALSE,13,FALSE,400,40,#08A0E5,6.75|3.00|1.50|0.30|0.80,960,960,Alstom,Metro,BCN,ES,Southern Europe,FALSE,Barcelona,Spain
TRUE,Series 112 (BCN),Standard Metro,1.5kV Metro (CAT|BCN),"The Series 112 is a metro EMU built by Alstom, CAF, and ABB which enterered service on the Barcelona Metro in 1995. Acceleration is guesstimated.",25.0,1.10,1.10,181,4,8,4,19.88,2.75,165,1500000,50000,75000000,15000000,FALSE,13,TRUE,700,70,#7386BC,6.75|3.00|1.50|0.30|0.80,724,1448,"Alstom,CAF,ABB",Metro,BCN,ES,Southern Europe,FALSE,Barcelona,Spain
TRUE,Series 113 (BCN),Standard Metro,1.5kV Metro (CAT|BCN),The Series 113 is a metro EMU built by Alstom and CAF which enterered service on the Barcelona Metro in 2014.,25.0,1.10,1.10,195,4,4,4,20.125,2.76,165,1865975,50000,75000000,15000000,FALSE,13,FALSE,500,50,#BBB3D7,6.75|3.00|1.50|0.30|0.80,780,780,"Alstom,CAF",Metro,BCN,ES,Southern Europe,FALSE,Barcelona,Spain
TRUE,Series 114 (BCN),Standard Metro,1.5kV Metro (CAT|BCN),The Series 114 is a metro EMU built by Alstom and CAF which enterered service on the Barcelona Metro in 2014.,25.0,1.00,1.10,200,3,3,3,20.00,2.75,165,1865975,50000,75000000,15000000,FALSE,13,FALSE,500,50,#B16612,6.75|3.00|1.50|0.30|0.80,600,600,"Alstom,CAF",Metro,BCN,ES,Southern Europe,FALSE,Barcelona,Spain
TRUE,Series 115 (BCN),Standard Metro,1.5kV Metro (CAT|BCN),The Series 115 is a metro EMU built by Stadler which enterered service on the Barcelona Metro in 2022. Acceleration is guesstimated.,25.0,1.10,1.10,194,4,4,4,20.20,2.75,165,1967306,50000,75000000,15000000,FALSE,13,FALSE,500,50,#9EB7FF,6.75|3.00|1.50|0.30|0.80,776,776,Stadler,Metro,BCN,ES,Southern Europe,FALSE,Barcelona,Spain
TRUE,Series 213 (BCN),Standard Metro,1.5kV Metro (CAT|BCN),"The Series 112 is a metro EMU built by Alstom, CAF, and Bombardier which enterered service on the Barcelona Metro in 1999.",25.0,1.05,0.70,156,3,6,3,17.33,2.75,165,2350661,50000,75000000,15000000,FALSE,13,FALSE,500,50,#E579AE,6.75|3.00|1.50|0.30|0.80,468,936,"Alstom,CAF,Bombardier",Metro,BCN,ES,Southern Europe,FALSE,Barcelona,Spain
TRUE,Citadis 302,Standard LRT,750V LRT (CAT|MS),"The Citadis is a family of articulated low-floor LRVs built by Alstom that have been in service since 2000. This is the 2nd generation, five section version.",19.4,1.30,1.20,50,5,10,5,6.44,2.65,70,1000000,50000,75000000,15000000,TRUE,6.7,FALSE,200,20,#C04191,6.75|3.00|1.50|0.30|0.80,250,500,Alstom,LRT,"Generic, BCN","Generic, ES","Generic, Southern Europe",TRUE,"Generic, Barcelona","Generic, Spain"
TRUE,Citadis 305,Standard LRT,"750V LRT (CAT|MS), 750V LRT (APS|MS)","The Citadis is a family of articulated low-floor LRVs built by Alstom that have been in service since 2000. This is the 5th generation, five section version.",19.4,1.30,1.20,50,5,10,5,6.44,2.65,70,1000000,50000,75000000,15000000,TRUE,6.7,FALSE,200,20,#0094FF,6.75|3.00|1.50|0.30|0.80,250,500,Alstom,LRT,"Generic, BCN, T-A, SYD","Generic, ES, IL, AU","Generic, Southern Europe, West Asia, Oceania",TRUE,"Generic, Barcelona, Tel-Aviv, Sydney","Generic, Spain, Israel, Australia"
FALSE,Series 447,Standard Commuter,3kV IB Main Line (CAT|LSS),,33.3,,,185,3,12,3,25.33,,310,,55000,82500000,16500000,TRUE,15,FALSE,600,60,,6.75|3.00|1.50|0.30|0.80,555,2220,,Commuter,BCN,ES,Southern Europe,FALSE,Barcelona,Spain
FALSE,Series 448,Standard Commuter,3kV IB Main Line (CAT|LSS),,44.4,,,173,3,9,3,26.18,,310,,55000,82500000,16500000,TRUE,15,FALSE,600,60,,6.75|3.00|1.50|0.30|0.80,519,1557,,Commuter,BCN,ES,Southern Europe,FALSE,Barcelona,Spain
TRUE,Series 449,Standard Commuter,3kV IB Main Line (CAT|LSS),The Series 449 is a Commuter Rail EMU built by CAF and Mitsubishi for usage by Renfe across Spain. It entered service in 2009. ,44.4,0.80,1.00,183,5,15,5,19.61,2.94,310,1348653,55000,82500000,16500000,TRUE,15,FALSE,600,60,#BC6100,6.75|3.00|1.50|0.30|0.80,915,2745,"CAF,Mitsubishi",Commuter,BCN,ES,Southern Europe,FALSE,Barcelona,Spain
FALSE,Series 450/451,Standard Commuter,3kV IB Main Line (CAT|LSS),,38.9,,,260,3,18,3,,,0,,55000,82500000,16500000,TRUE,15,FALSE,600,60,,6.75|3.00|1.50|0.30|0.80,780,4680,,Commuter,BCN,ES,Southern Europe,FALSE,Barcelona,Spain
FALSE,Series 452,Standard Commuter,3kV IB Main Line (CAT|LSS),,38.9,,,155,6,,6,16.67,,0,,55000,82500000,16500000,TRUE,15,FALSE,600,60,,6.75|3.00|1.50|0.30|0.80,930,0,,Commuter,BCN,ES,Southern Europe,FALSE,Barcelona,Spain
TRUE,Series 462-465,Standard Commuter,3kV IB Main Line (CAT|LSS),The Civia is a class of Commuter Rail EMUs built by CAF and Siemens for Renfe for usage across Spain. They entered service in 2003. Acceleration is a guesstimate.,33.3,0.80,1.00,202,2,14,1,21.85,2.94,330,1434491,55000,82500000,16500000,TRUE,15,FALSE,600,60,#EF7D00,6.75|3.00|1.50|0.30|0.80,404,2828,"CAF,Siemens",Commuter,BCN,ES,Southern Europe,FALSE,Barcelona,Spain
FALSE,Series 470,Standard Commuter,3kV IB Main Line (CAT|LSS),,38.9,,,200,3,12,3,26.72,2.90,330,,55000,82500000,16500000,TRUE,15,TRUE,840,84,,6.75|3.00|1.50|0.30|0.80,600,2400,,Commuter,BCN,ES,Southern Europe,FALSE,Barcelona,Spain
FALSE,M4 (AMS),Standard Metro,"750V Metro (TRU|AAR), 600V LRT (CAT|MS)","The M4 is a tram and metro EMU built by CAF for the Amsterdam Metro in 2019. The original designation was S3 and they were built in 1996, but after being renovated they were renamed to M4 due to the significant changes, inclduing permanently extended steps for the wider loading gauge.",19.4,1.30,1.50,125,2,6,2,15.45,2.65,125,,62000,93000000,18750000,FALSE,13,FALSE,500,50,#008D49,5.63|2.50|1.25|0.30|0.90,250,750,CAF,Metro,AMS,NL,Western Europe,FALSE,Amsterdam,Netherlands
TRUE,M5 (AMS),Standard Metro,750V Metro (TRU|AAR),The Alstom Metropolis is a series of metro EMUs in service across the world since 1993. The M5 is a variant produced for the Amsterdam Metro.,25.0,1.20,1.20,160,6,6,6,19.37,3.00,125,1719297,62000,93000000,18750000,FALSE,13,FALSE,500,50,#0092D4,5.63|2.50|1.25|0.30|0.90,960,960,Alstom,Metro,AMS,NL,Western Europe,FALSE,Amsterdam,Netherlands
TRUE,M7 (AMS),Standard Metro,750V Metro (TRU|AAR),The M4 is a metro EMU built by CAF for the Amsterdam Metro that entered service in 2023.,22.2,1.20,1.30,160,3,6,3,19.87,3.00,125,2965788,62000,93000000,18750000,FALSE,13,FALSE,500,50,#FFD500,5.63|2.50|1.25|0.30|0.90,480,960,CAF,Metro,AMS,NL,Western Europe,FALSE,Amsterdam,Netherlands
TRUE,Urbos 100 (AMS),Standard LRT,600V LRT (CAT|UN),The Urbos family are articulated low-floor light-rail vehicles built by CAF that have been in service across the world since the 90s. This specific model is based on the Amsterdam Metro's G15. Capacity is artifically increased due to game processing limitations. Acceleration is guesstimated.,19.4,1.20,1.20,40,5,10,5,6.00,2.40,65,787111,50000,75000000,15000000,TRUE,6.7,FALSE,200,20,#0000BB,5.06|2.25|1.13|0.30|0.70,200,400,CAF,LRT,AMS,NL,Western Europe,FALSE,Amsterdam,Netherlands
TRUE,Combino (AMS),Standard LRT,600V LRT (CAT|UN),The Combino family are articulated low-floor light-rail vehicles built by Siemens that have been in service across the world since the 90s. This specific model is based on the Amsterdam Metro's G14. Capacity is artifically increased due to game processing limitations. Acceleration is guesstimated.,19.4,1.20,1.20,40,5,10,5,5.84,2.40,65,334541,50000,75000000,15000000,TRUE,6.7,FALSE,200,20,#000099,5.06|2.25|1.13|0.30|0.70,200,400,Siemens,LRT,AMS,NL,Western Europe,FALSE,Amsterdam,Netherlands
FALSE,S/300 (ROM),Standard Metro,1.5kV Metro (CAT|MW),The S/300 is a metro EMU built by CAF for the Rome Metro's Lines A and B that has been in service since 2005.,25.0,1.10,1.10,202,6,6,6,18.13,2.83,120,,50000,75000000,15000000,FALSE,13,FALSE,500,50,#F36C21,6.75|3.00|1.50|0.30|0.80,1212,1212,CAF,Metro,ROM,IT,Southern Europe,FALSE,Rome,Italy
TRUE,Hitachi Rome,Standard Metro,1.5kV Metro (CAT|MW),This is an unnamed series of trains built by Hitachi for the Rome Metro Line B that will enter service in 2026. Acceleration is guesstimated.,22.2,1.30,1.30,201,6,6,6,17.67,2.85,120,1936791,50000,75000000,15000000,FALSE,13,FALSE,500,50,#0071BB,6.75|3.00|1.50|0.30|0.80,1206,1206,CAF,Metro,ROM,IT,Southern Europe,FALSE,Rome,Italy
TRUE,81-717/81-714,Standard Metro,"825V USSR Metro (TRU|MS), 825V Metro (TRA|MW)",The Metrovagonmash 81-717/81-714 is a Soviet era heavy metro EMU that entered service in 1977. It remains in use across the former USSR.,22.2,1.20,1.10,250,1,8,1,19.21,2.67,160,1000000,68200,102300000,20625000,FALSE,13,TRUE,700,70,#32AB53,4.50|2.00|1.00|0.30|0.80,250,2000,Metrovagonmash,Metro,"USSR, IEV, BUD","SU, UA, HU","USSR, Eastern Europe, Eastern Europe",FALSE,"Union of Soviet Socialist Republics, Kyiv, Budapest","Union of Soviet Socialist Republics, Ukraine, Hungary"
TRUE,Twist Foxtrot,Standard LRT,600V USSR LRT (CAT|NAR),The Twist is a low-floor articulated LRV built by a Polish company named PESA that entered service in 2012. The 71-414 Foxtrot is a variant made for Kyiv and Moscow. Acceleration is a guesstimate. Capacity is increased artificially due to game processing requirements. Cost is an estimate.,20.8,1.30,1.30,67,3,3,3,8.75,2.50,30,750000,55000,82500000,16500000,TRUE,6.7,FALSE,200,20,#001C4A,6.75|3.00|1.50|0.30|0.80,201,201,PESA,LRT,IEV,UA,Eastern Europe,FALSE,Kyiv,Ukraine
TRUE,K-1T,Standard LRT,600V USSR LRT (CAT|NAR),The K-1T is a low-floor articulated LRV built by Tatra-Yug that entered service in 2020. Acceleration is a guesstimate. Capacity is increased artificially due to game processing requirements. Cost is an estimate.,20.8,1.30,1.30,67,3,3,3,8.67,2.50,30,750000,55000,82500000,16500000,TRUE,6.7,FALSE,200,20,#35BCED,6.75|3.00|1.50|0.30|0.80,201,201,Tatra-Yug,LRT,IEV,UA,Eastern Europe,FALSE,Kyiv,Ukraine
TRUE,Innovia APM,People Mover,Auto People Mover,The Innovia APM is an automated people mover built by Bombardier that is mainly used in airports. IRL it can run in sets of 1 but game processing requirements mean its 2 minimum.,13.9,1.00,1.00,100,2,4,1,12.80,2.80,55,3600000,68750,103125000,20625000,FALSE,5,FALSE,200,20,#000000,4.50|2.00|1.00|0.30|0.80,200,400,Bombardier,Mover,MIA,US,North America,FALSE,Miami,United States of America
TRUE,Hitachi Miami,Standard Metro,DC Metro,This is an unnamed series of heavy metro trains built by Hitachi for the Miami Metrorail that entered service in 2017. Acceleration is guesstimated.,31.9,1.30,1.30,178,2,6,2,22.90,3.11,150,2205882,62500,93750000,18750000,FALSE,13,FALSE,500,50,#0079C2,5.63|2.50|1.25|0.30|0.90,356,1068,Hitachi,Metro,MIA,US,North America,FALSE,Miami,United States of America
FALSE,Seattle Series 1,Standard LRT,1.5kV LRT (CAT|MS),The Series 1 is an articulated low-floor light-rail vehicle built by Kinki Sharyo that has been in service in Seattle since 2009.,24.7,1.34,1.34,75,3,12,3,9.65,2.65,120,,50000,75000000,15000000,TRUE,6.7,FALSE,200,20,#3DAE2B,6.75|3.00|1.50|0.30|0.80,225,900,Kinki Sharyo,LRT,SEA,US,North America,FALSE,Seattle,United States of America
FALSE,Aero,Diesel Commuter,U.S. Commuter Diesel,The Colorado Railcar DMU also known as the Aero is a vehicle produced by the now defunct Colorado Railcar that entered service in 2002.,44.4,0.67,0.67,92,4,4,4,26.00,3.05,110,,37500,56250000,11250000,TRUE,15,FALSE,800,80,#D34727,8.44|3.75|1.88|0.30|0.90,368,368,Colorado Railcar,Commuter,POR,US,North America,FALSE,Portland (OR),United States of America
TRUE,SD-100/160,Standard LRT,"600V LRT (CAT|MS), 750V LRT (CAT|MS)",The SD-100/160 series are articulated high-floor light-rail vehicles built by Siemens that have been in service across North America since 1994. Capacity slightly increased due to game processing requirements.,22.2,1.07,1.31,100,2,10,2,12.40,2.65,130,2000000,50000,75000000,15000000,TRUE,6.7,TRUE,280,28,#FFFFFF,6.75|3.00|1.50|0.30|0.80,200,1000,Siemens,LRT,"SD, SLC, DEN, CGY, EDM","US, US, US, CA, CA","North America, North America, North America, North America, North America",FALSE,"San Diego, Salt Lake City, Denver, Calgary, Edmonton","United States of America, United States of America, United States of America, Canada, Canada"
TRUE,Urbos 3 (WMM),Standard LRT,750V LRT (CAT|MS),The Urbos family are articulated low-floor light-rail vehicles built by CAF that have been in service across the world since the 90s. This specific model is based on the West Midland Metro's version. Acceleration is guesstimated.,19.4,1.20,1.20,42,5,5,5,6.60,2.65,38,474526,50000,75000000,15000000,TRUE,6.7,FALSE,200,20,#0000BB,6.75|3.00|1.50|0.30|0.80,210,210,CAF,LRT,BHM,UK,Europe,FALSE,Birmingham (UK),United Kingdom
TRUE,S200-HF (CGY),Standard LRT,"600V LRT (CAT|MS), 750V LRT (CAT|MS), 1.5kV LRT (CAT|MS)",The S200 series are articulated high-floor light-rail vehicles built by Siemens that have been in service across North America since 2016. This specific model is based on the model used in Calgary since 2019. Capacity is artificially higher due to game processing requirements.,22.4,0.95,1.32,67,3,9,3,8.60,2.65,110,2196377,50000,75000000,15000000,TRUE,6.7,FALSE,200,20,#C8102E,6.75|3.00|1.50|0.30|0.80,201,603,Siemens,LRT,CGY,CA,North America,FALSE,Calgary,Canada
FALSE,Tyne and Wear Metrocar,Standard Metro,1.5kV Metro (CAT|MS),"The Tyne and Wear Metrocar is an EMU originally built by Metro-Cammel in the 1970s, entered serivce in 1980, and was later renovated by Wabtec in the 2010s.",22.2,1.20,1.20,126,2,6,2,13.90,2.65,95,,50000,75000000,15000000,FALSE,13,TRUE,700,70,#FDB826,6.75|3.00|1.50|0.30|0.80,252,756,Metro-Cammel,Metro,NCL,UK,Europe,FALSE,Newcastle,United Kingdom
TRUE,BR Class 555,Standard Metro,1.5kV Metro (CAT|MS),The Metro (BR 555) is a light rail EMU built by Stadler for the Tyne and Wear Metro that entered service in 2024.,22.2,1.35,1.35,120,5,10,5,11.98,2.65,125,2146833,50000,75000000,15000000,FALSE,13,FALSE,500,50,#B7841D,6.75|3.00|1.50|0.30|0.80,600,1200,Stadler,Metro,NCL,UK,Europe,FALSE,Newcastle,United Kingdom
FALSE,Batch 11 (ATH),Standard Metro,750V Metro (TRA|MW),,,,,172,6,6,,,,,,62500,93750000,18750000,FALSE,13,FALSE,500,50,,4.50|2.00|1.00|0.30|0.80,1032,1032,"ADTranz,Siemens,Hellenic Shipyards,Bombardier",Metro,ATH,GR,Southern Europe,FALSE,Athens,Greece
FALSE,Generation 1 (ATH),Standard Metro,750V Metro (TRA|MW),"The 1st Generation of Athens lines 2 and 3 rolling stock is a heavy metro EMU built by Siemens, Daimler-Benz, and Alstom that entered service in 2000. It also operates on Line 1.",22.2,1.00,1.08,172,3,6,3,17.67,2.80,110,,62500,93750000,18750000,FALSE,13,FALSE,500,50,#007A33,4.50|2.00|1.00|0.30|0.80,516,1032,"Siemens,Daimler-Benz,Alstom",Metro,ATH,GR,Southern Europe,FALSE,Athens,Greece
FALSE,Generation 2 (ATH),Standard Metro,"750V Metro (TRA|MW), 25-GF Main Line (CAT|MW)","The 2nd Generation of Athens lines 2 and 3 rolling stock is a heavy metro dual-mode EMU built by Hyundai, Mitsubishi, and Knorr-Bremse that entered service in 2003.",33.3,1.00,1.10,171,3,6,3,17.67,2.80,110,,62500,93750000,18750000,FALSE,13,FALSE,500,50,#DA291C,4.50|2.00|1.00|0.30|0.80,513,1026,"Hyundai,Mitsubishi,Knorr-B1.5kV Auto Metro (CAT|LSS)se",Metro,ATH,GR,Southern Europe,FALSE,Athens,Greece
FALSE,Generation 3 (ATH),Standard Metro,750V Metro (TRA|MW),The 3rd Generation of Athens lines 2 and 3 rolling stock is a heavy metro EMU built by Siemens and Hyundai that entered service in 2014.,22.2,1.10,1.10,172,3,6,3,17.67,2.80,110,1802734,62500,93750000,18750000,FALSE,13,FALSE,500,50,#10069F,4.50|2.00|1.00|0.30|0.80,516,1032,"Hyundai,Siemens",Metro,ATH,GR,Southern Europe,FALSE,Athens,Greece
FALSE,Line 4 (ATH),Standard Metro,750V Metro (TRA|MW),,,,,,4,,4,,,,4448681,62500,93750000,18750000,FALSE,13,FALSE,500,50,,4.50|2.00|1.00|0.30|0.80,0,0,Alstom,Metro,ATH,GR,Southern Europe,FALSE,Athens,Greece
TRUE,Desiro Classic (ATH),Standard Commuter,25-GF Main Line (CAT|MW),The Siemens Desiro Classic is a family of metro DMUs and EMUs in service across the world since 1999. This model is the EMU used by Athens commuter rail. Cost is an estimate.,44.4,1.10,1.10,63,5,10,5,17.87,2.80,200,4300000,50000,75000000,15000000,TRUE,15,FALSE,600,60,#004587,6.75|3.00|1.50|0.30|0.80,315,630,Siemens,Commuter,ATH,GR,Southern Europe,FALSE,Athens,Greece
TRUE,Sirio (ATH),Standard LRT,750V LRT (CAT|UN),The Sirio is a artiuculated low-floor LRV family built by AnsaldoBreda/Hitachi that has been in service since 2002. This is the variant used by the Athens tram network. Acceleration is guesstimated.,19.4,1.34,1.34,54,5,5,5,6.46,2.40,40,578922,50000,75000000,15000000,TRUE,6.7,FALSE,200,20,#83B81A,5.06|2.25|1.13|0.30|0.70,270,270,AnsaldoBreda,LRT,ATH,GR,Southern Europe,FALSE,Athens,Greece
TRUE,IÉ 22000,Diesel Commuter,Irish Diesel Main Line,The IÉ Class 22000 is an Irish DMU used for both commuter rail and intercity services. It was built by Hyundai Rotem and entered service in 2007. Acceleration is guesstimated. Cost is an estimate.,44.4,0.70,0.70,100,3,10,1,23.40,2.85,250,3000000,41250,61875000,12375000,TRUE,15,FALSE,800,80,#169B62,6.75|3.00|1.50|0.30|0.80,300,1000,Hyundai,Commuter,DUB,IE,Western Europe,FALSE,Dublin,Ireland
TRUE,IÉ 29000,Diesel Commuter,Irish Diesel Main Line,The IÉ Class 29000 is an Irish commuter rail DMU built by CAF that entered service in 2003. Acceleration is guesstimated. Cost is an estimate.,33.3,0.90,0.90,205,4,8,4,20.37,2.90,250,3000000,41250,61875000,12375000,TRUE,15,FALSE,800,80,#FF883E,6.75|3.00|1.50|0.30|0.80,820,1640,CAF,Commuter,DUB,IE,Western Europe,FALSE,Dublin,Ireland
TRUE,Citadis 401,Standard LRT,750V LRT (CAT|UN),"The Citadis is a family of articulated low-floor LRVs built by Alstom that have been in service since 2000. This is the 1st generation, seven section version. Acceleration is a guesstimate.",19.4,1.30,1.20,38,7,7,7,5.83,2.40,60,1000000,50000,75000000,15000000,TRUE,6.7,FALSE,200,20,#4F3189,5.06|2.25|1.13|0.30|0.70,264,264,Alstom,LRT,"Generic, DUB","Generic, IE","Generic, Western Europe",TRUE,"Generic, Dublin","Generic, Ireland"
TRUE,Citadis 502,Standard LRT,750V LRT (CAT|UN),"The Citadis is a family of articulated low-floor LRVs built by Alstom that have been in service since 2000. This is the 2nd generation, nine section version. Acceleration is a guesstimate.",19.4,1.30,1.20,45,9,9,9,6.08,2.40,60,1000000,50000,75000000,15000000,TRUE,6.7,FALSE,200,20,#764ACE,5.06|2.25|1.13|0.30|0.70,408,408,Alstom,LRT,"Generic, DUB","Generic, IE","Generic, Western Europe",TRUE,"Generic, Dublin","Generic, Ireland"
TRUE,IST M1,Standard Metro,750V Metro (CAT|MS),"The Istanbul Metro has a variety of nameless rolling stock. This is the light metro stock that entered service in 1988 on the M1, as made by ABB. Acceleration is a guesstimate. Cost is an estimate.",22.2,1.00,1.00,257,4,4,4,23.20,2.65,100,1000000,50000,75000000,15000000,FALSE,13,TRUE,700,70,#E22014,6.75|3.00|1.50|0.30|0.80,1028,1028,ABB,Metro,IST,TR,West Asia,FALSE,Istanbul,Turkey
TRUE,IST M2 2008,Standard Metro,750V Metro (TRU|AAR),"The Istanbul Metro has a variety of nameless rolling stock. This is the heavy metro stock that entered service in 2008 on the M2, as made by Hyundai. Acceleration is a guesstimate.",22.2,1.10,1.10,238,4,8,4,21.55,3.05,190,2135367,62000,93000000,18750000,FALSE,13,FALSE,500,50,#009943,5.63|2.50|1.25|0.30|0.90,952,1904,Alstom,Metro,IST,TR,West Asia,FALSE,Istanbul,Turkey
TRUE,IST M2 2017,Standard Metro,750V Metro (TRU|AAR),"The Istanbul Metro has a variety of nameless rolling stock. This is the heavy metro stock that entered service in 2017 on the M2, as made by Hyundai. Acceleration is a guesstimate.",22.2,1.10,1.10,238,4,8,4,21.57,3.05,190,1352050,62000,93000000,18750000,FALSE,13,FALSE,500,50,#00B54E,5.63|2.50|1.25|0.30|0.90,952,1904,Hyundai,Metro,IST,TR,West Asia,FALSE,Istanbul,Turkey
TRUE,IST M3,Standard Metro,"1.5kV Metro (CAT|MW), 1.5kV Metro (CAT|AAR)","The Istanbul Metro has a variety of nameless rolling stock. This is the heavy metro stock that entered service in 2009 on the M3 and M9, as made by Alstom. Acceleration is a guesstimate.",22.2,1.34,1.34,238,4,8,4,21.55,2.78,190,1363076,50000,75000000,15000000,FALSE,13,FALSE,500,50,#00A8E2,6.75|3.00|1.50|0.30|0.80,952,1904,Hyundai,Metro,IST,TR,West Asia,FALSE,Istanbul,Turkey
TRUE,IST M4,Standard Metro,1.5kV Metro (CAT|AAR),"The Istanbul Metro has a variety of nameless rolling stock. This is the heavy metro stock that entered service in 2010 on the M4, as made by CAF. Acceleration is a guesstimate.",22.2,1.00,1.10,241,4,8,4,22.43,3.01,190,1371568,50000,75000000,15000000,FALSE,13,FALSE,500,50,#E91977,8.44|3.75|1.88|0.30|0.90,964,1928,Alstom,Metro,IST,TR,West Asia,FALSE,Istanbul,Turkey
TRUE,IST M5,Automated Metro,750V Auto Metro (CAT|AAR),"The Istanbul Metro has a variety of nameless rolling stock. This is the Automated Metro stock that entered service in 2017 on the M5, as made by CAF and Mitsubishi. Acceleration is a guesstimate.",22.2,1.00,1.10,250,6,6,6,21.50,3.02,140,1120409,50000,78750000,15750000,FALSE,13,FALSE,400,40,#672C65,8.44|3.75|1.88|0.30|0.90,1500,1500,"Mitsubishi,CAF",Metro,IST,TR,West Asia,FALSE,Istanbul,Turkey
TRUE,IST M6,Standard Metro,750V Metro (TRU|AAR),"The Istanbul Metro has a variety of nameless rolling stock. This is the heavy metro stock that entered service in 1999 on the M2 that now mainly serves the M6, as made by Alstom. Acceleration is a guesstimate. Cost is an estimate.",22.2,1.34,1.34,234,4,8,4,21.55,3.05,190,1000000,62000,93000000,18750000,FALSE,13,FALSE,500,50,#C9AA78,5.63|2.50|1.25|0.30|0.90,936,1872,Alstom,Metro,IST,TR,West Asia,FALSE,Istanbul,Turkey
TRUE,IST M7/M8,Automated Metro,1.5kV Auto Metro (CAT|AAR),"The Istanbul Metro has a variety of nameless rolling stock. This is the Automated Metro stock that entered service in 2020 on the M7 and M8, as made by Hyundai. Acceleration is a guesstimate.",22.2,1.10,1.10,234,4,8,4,22.50,3.10,190,1107227,50000,78750000,15750000,FALSE,13,FALSE,400,40,#F29FC0,8.44|3.75|1.88|0.30|0.90,936,1872,Hyundai,Metro,IST,TR,West Asia,FALSE,Istanbul,Turkey
TRUE,IST M11,Standard Metro,1.5kV Metro (CAT|MS),"The Istanbul Metro has a variety of nameless rolling stock. This is the high speed heavy metro stock that entered service in 2023 on the M11, as made by CRRC. Acceleration and vehicle length are a guesstimate.",33.3,1.23,1.34,260,4,4,4,22.04,2.65,100,1260227,50000,75000000,15000000,FALSE,13,FALSE,500,50,#AC5390,6.75|3.00|1.50|0.30|0.80,1040,1040,CRRC,Metro,IST,TR,West Asia,FALSE,Istanbul,Turkey
TRUE,IST M12,Automated Metro,1.5kV Auto Metro (CAT|LSS),"The Istanbul Metro has a variety of nameless rolling stock. This is the automated metro stock that will enter service on the M12, as made by Hyundai Rotem. Acceleration and vehicle length are a guesstimate.",22.2,1.34,1.34,260,4,4,4,21.50,2.90,100,1053333,50000,78750000,15750000,FALSE,13,FALSE,400,40,#C9D200,6.75|3.00|1.50|0.30|0.80,1040,1040,Hyundai,Metro,IST,TR,West Asia,FALSE,Istanbul,Turkey
TRUE,TCDD E32000,Standard Commuter,25-GF Main Line (CAT|UIC),The TCDD E32000 is a commuter rail EMU built by Hyundai for Istanbul's Maramay commuter network that entered service in 2012. Acceleration is a guesstimate.,25.0,1.00,1.00,270,5,10,5,22.50,3.10,250,1563779,50000,75000000,15000000,TRUE,15,FALSE,600,60,#392F85,8.44|3.75|1.88|0.30|0.90,1350,2700,Hyundai,Commuter,IST,TR,West Asia,FALSE,Istanbul,Turkey
FALSE,CRRC Tel-Aviv,Standard LRT,1.5kV LRT (CAT|MS),,22.2,,,55,5,10,5,6.96,2.65,75,379621,50000,75000000,15000000,TRUE,6.7,FALSE,200,20,#FA0404,6.75|3.00|1.50|0.30|0.80,275,550,CRRC,LRT,T-A,IL,West Asia,FALSE,Tel-Aviv,Israel
TRUE,Urbos 100 (T-A),Standard LRT,1.5kV LRT (CAT|MS),The Urbos family are articulated low-floor light-rail vehicles built by CAF that have been in service across the world since the 90s. This specific model is based on the Tel-Aviv Light Rail's version.,19.4,1.20,1.20,40,5,10,5,7.00,2.65,75,1000000,50000,75000000,15000000,TRUE,6.7,FALSE,200,20,#BA34B1,6.75|3.00|1.50|0.30|0.80,200,400,CAF,LRT,T-A,IL,West Asia,FALSE,Tel-Aviv,Israel
TRUE,Citadis 304,Standard LRT,750V LRT (CAT|MS),"The Citadis is a family of articulated low-floor LRVs built by Alstom that have been in service since 2000. This is the 4th generation, five section version.",19.4,1.30,1.20,82,3,6,3,9.53,2.65,70,1000000,50000,75000000,15000000,TRUE,6.7,FALSE,200,20,#004987,6.75|3.00|1.50|0.30|0.80,246,492,Alstom,LRT,"Generic, IST","Generic, TR","Generic, West Asia",TRUE,"Generic, Istanbul","Generic, Turkey"
FALSE,Rotem LRV 34,Standard LRT,750V LRT (CAT|MS),Acceleration is a guesstimate.,22.2,1.30,1.20,250,1,3,1,26.96,2.65,110,,50000,75000000,15000000,TRUE,6.7,FALSE,200,20,#CE6635,6.75|3.00|1.50|0.30|0.80,250,750,Hyundai,LRT,Generic,Generic,Generic,FALSE,Generic,Generic
FALSE,TRAM34,Standard LRT,750V LRT (CAT|MS),,22.2,1.20,1.20,250,2,4,1,25.40,2.65,110,,50000,75000000,15000000,TRUE,6.7,FALSE,200,20,#FF7F40,6.75|3.00|1.50|0.30|0.80,500,1000,Istanbul,LRT,Generic,Generic,Generic,FALSE,Generic,Generic
FALSE,Panorama,Standard LRT,750V LRT (APS|MS),,19.4,1.20,1.20,250,1,1,1,33.00,2.65,40,,80000,120000000,13500000,TRUE,6.7,FALSE,200,20,#7C72B3,4.50|2.00|1.00|0.30|0.80,250,250,DURMAZLAR,LRT,Generic,Generic,Generic,FALSE,Generic,Generic
FALSE,MFAV,Standard Metro,600V Metro (CAT|2.3),Capacity slightly increased due to game processing requirements.,16.7,,,200,1,1,1,30.37,2.35,35,,50000,75000000,15000000,FALSE,13,FALSE,500,50,#FFD800,5.06|2.25|1.13|0.30|0.70,200,200,Ganz,Metro,BUD,HU,Eastern Europe,FALSE,Budapest,Hungary
TRUE,AM5-M2,Standard Metro,825V Metro (TRA|MW),The Alstom Metropolis is a series of metro EMUs in service across the world since 1993. The AM5-M2 is a heavy metro variant built for the Budapest Metro's M2 that entered service in 2012.,19.4,1.13,1.13,204,5,5,5,20.03,2.78,110,1500340,62500,93750000,18750000,FALSE,13,FALSE,500,50,#E41F18,4.50|2.00|1.00|0.30|0.80,1020,1020,Alstom,Metro,BUD,HU,Eastern Europe,FALSE,Budapest,Hungary
TRUE,AM4-M4,Automated Metro,750V Auto Metro (TRA|MW),The Alstom Metropolis is a series of metro EMUs in service across the world since 1993. The AM4-M4 is an Automated Metro variant built for the Budapest Metro's M4 that entered service in 2014.,19.4,1.13,1.13,200,4,4,4,20.00,2.78,90,1500340,62500,98437500,19687500,FALSE,13,FALSE,400,40,#48A842,4.50|2.00|1.00|0.30|0.80,800,800,Alstom,Metro,BUD,HU,Eastern Europe,FALSE,Budapest,Hungary
TRUE,BHEV MX,Standard Commuter,1.2kV Main Line (CAT|LSS),The BHEV MX (and MXA) are commuter rail EMUs in service since the 70s in Budapest. They were made by East German manufacturer LEW Hennigsdorf. Cost is a guesstimate.,22.2,0.62,1.30,121,3,6,3,17.81,2.88,181,1000000,50000,75000000,15000000,TRUE,15,TRUE,840,84,#1E1E1E,6.75|3.00|1.50|0.30|0.80,363,726,LEW Hennigsdorf,Commuter,BUD,HU,Eastern Europe,FALSE,Budapest,Hungary
TRUE,Urbos 100 (BUD-5),Standard LRT,600V LRT (CAT|UN),The Urbos family are articulated low-floor light-rail vehicles built by CAF that have been in service across the world since the 90s. This specific model is based on the Budapest 5-section version. Acceleration is guesstimated.,13.9,1.20,1.20,55,5,10,5,6.82,2.40,75,458233,50000,75000000,15000000,TRUE,6.7,FALSE,200,20,#2B2929,5.06|2.25|1.13|0.30|0.70,275,550,CAF,LRT,BUD,HU,Eastern Europe,FALSE,Budapest,Hungary
TRUE,Urbos 100 (BUD-9),Standard LRT,600V LRT (CAT|UN),The Urbos family are articulated low-floor light-rail vehicles built by CAF that have been in service across the world since the 90s. This specific model is based on the Budapest 9-section version. Acceleration is guesstimated.,13.9,1.20,1.20,53,9,9,9,6.32,2.40,75,458233,50000,75000000,15000000,TRUE,6.7,FALSE,200,20,#FFD900,5.06|2.25|1.13|0.30|0.70,477,477,CAF,LRT,BUD,HU,Eastern Europe,FALSE,Budapest,Hungary
FALSE,Combino Supra,Standard LRT,600V LRT (CAT|UN),,,,,55,9,9,9,6.00,2.40,75,,50000,75000000,15000000,TRUE,6.7,FALSE,200,20,,5.06|2.25|1.13|0.30|0.70,495,495,"Duewag,Siemens",LRT,BUD,HU,Eastern Europe,FALSE,Budapest,Hungary
FALSE,TW 6000,Standard LRT,600V LRT (CAT|UN),,22.2,1.00,3.00,241,1,2,1,28.28,2.40,75,,50000,75000000,15000000,TRUE,6.7,FALSE,200,20,,5.06|2.25|1.13|0.30|0.70,241,482,"Duewag,Linke-Hofmann-Busch,AEG,Kiepe,Siemens.",LRT,BUD,HU,Eastern Europe,FALSE,Budapest,Hungary
FALSE,T5C5,Standard LRT,600V LRT (CAT|UN),,,,,137,2,3,1,15.64,2.48,75,,50000,75000000,15000000,TRUE,6.7,FALSE,200,20,,5.06|2.25|1.13|0.30|0.70,274,411,ČKD Tatra,LRT,BUD,HU,Eastern Europe,FALSE,Budapest,Hungary
FALSE,KCSV7,Standard LRT,600V LRT (CAT|UN),,,,,270,1,2,1,26.90,2.30,75,,50000,75000000,15000000,TRUE,6.7,FALSE,200,20,,5.06|2.25|1.13|0.30|0.70,270,540,"Ganz-MÁVAG, Ganz Electric",LRT,BUD,HU,Eastern Europe,FALSE,Budapest,Hungary
FALSE,CSMG,Standard LRT,600V LRT (CAT|UN),,,,,229,1,2,1,26.90,2.30,75,,50000,75000000,15000000,TRUE,6.7,FALSE,200,20,,5.06|2.25|1.13|0.30|0.70,229,458,"Ganz-MÁVAG, Ganz Electric",LRT,BUD,HU,Eastern Europe,FALSE,Budapest,Hungary
TRUE,Urbos 3 (EDI),Standard LRT,750V LRT (CAT|MS),The Urbos family are articulated low-floor light-rail vehicles built by CAF that have been in service across the world since the 90s. This specific model is based on the Edinburgh version.,19.4,1.20,1.20,36,7,7,7,6.11,2.65,50,288679,50000,75000000,15000000,TRUE,6.7,FALSE,200,20,#8A0D04,6.75|3.00|1.50|0.30|0.80,252,252,CAF,LRT,"CGY, EDI","CA, UK","North America, Europe",FALSE,"Calgary, Edinburgh","Canada, United Kingdom"
TRUE,S-Tog Gen 5,Automated S-Bahn,CPH Auto S-Tog,The currently unnamed 5th Generation of rolling stock on the Copenhagen S-Tog is being designed by a Siemens-Stadler consortium. They will be fully automatic S-Tog / S-Bahn EMUs and are supposed to enter service in 2032.,33.3,1.30,1.30,105,4,12,4,14.00,3.52,180,2800762,50000,78750000,15750000,TRUE,13,FALSE,450,45,#961C27,10.13|4.50|2.25|0.30|1.00,420,1260,"Siemens,Stadler",S-Bahn,CPH,DK,Northern Europe,FALSE,Copenhagen,Denmark
TRUE,9000 Series (Lima),Standard Metro,1.5kV Metro (CAT|BCN),The Alstom Metropolis is a series of metro EMUs in service across the world since 1993. The Series 9000 is a heavy metro variant built for the Lima Metro that entered service in 2016. Acceleration is guesstimated.,25.0,1.30,1.30,200,6,6,6,17.00,2.71,110,1977192,50000,75000000,15000000,FALSE,13,FALSE,500,50,#47AA42,6.75|3.00|1.50|0.30|0.80,1200,1200,Alstom,Metro,LIM,PE,South America,FALSE,Lima,Peru
TRUE,TMK 2200,Standard LRT,600V Metre LRT (CAT|MS),The TMK 2300 is a low floor articulated LRV produced by Crotram for the Zagreb tram network. It entered service in 2005. Acceleration is a guesstimate.,19.4,1.00,1.00,40,5,5,5,6.40,2.3,40,438937,55000,82500000,16500000,TRUE,6.7,FALSE,200,20,#1264AB,5.06|2.25|1.13|0.30|0.70,200,200,Crotram,LRT,ZAG,HR,Southern Europe,FALSE,Zagreb,Croatia
TRUE,DT4,Standard Metro,750V Metro (TRU|IRT),The DT4 is a subway EMU built by ABB and Alstom for the Hamburg U-Bahn that entered service in 1998.,22.2,0.63,0.63,101,4,8,4,15.07,2.58,130,1000000,62000,93000000,18750000,FALSE,13,TRUE,700,70,#005AA4,4.50|2.00|1.00|0.30|0.80,404,808,"Alstom,ABB",Metro,HAM,DE,Central Europe,FALSE,Hamburg,Germany
TRUE,DT5,Standard Metro,750V Metro (TRU|IRT),The DT5 is a subway EMU built by Bombardier and Alstom for the Hamburg U-Bahn that entered service in 2012.,22.2,0.63,0.63,112,3,9,3,13.23,2.60,130,1193133,62000,93000000,18750000,FALSE,13,FALSE,500,50,#008B8F,4.50|2.00|1.00|0.30|0.80,336,1008,"Alstom,Bombardier",Metro,HAM,DE,Central Europe,FALSE,Hamburg,Germany
TRUE,DT6-F,Standard Metro,750V Metro (TRU|IRT),The DT6 is a subway EMU built by Alstom for the Hamburg U-Bahn that are planned to enter service in 2028. This is the manual version for the existing U1-U4 lines. Acceleration is an estimate.,22.2,0.63,0.63,93,4,12,4,9.96,2.73,130,1823880,62000,93000000,18750000,FALSE,13,FALSE,500,50,#FFD600,4.50|2.00|1.00|0.30|0.80,372,1116,Alstom,Metro,HAM,DE,Central Europe,FALSE,Hamburg,Germany
TRUE,DT6-A,Automated Metro,750V Auto Metro (TRA|IRT),The DT6 is a subway EMU built by Alstom for the Hamburg U-Bahn that are planned to enter service in 2028. This is the automatic version for the new U5 line. Acceleration is an estimate.,22.2,0.63,0.63,100,4,12,4,9.96,2.73,130,1823880,62000,97650000,19687500,FALSE,13,FALSE,400,40,#A86A1B,4.50|2.00|1.00|0.30|0.80,400,1200,Alstom,Metro,HAM,DE,Central Europe,FALSE,Hamburg,Germany
TRUE,DBAG 474 (HAM),Standard S-Bahn,"1.2kV Main Line (TRS|AAR), 15-16.6 Main Line (CAT|UIC)",The Class 474 is an S-Bahn EMU built by ADtranz/Bombardier and Linke-Hoffman-Busch/Alstom for the Hamburg S-Bahn that entered service in the 1990s. Cost is an estimate,27.8,1.00,0.70,171,3,9,3,21.85,3.01,225,1750000,63000,94500000,18900000,TRUE,13,TRUE,770,77,#00962C,5.63|2.50|1.25|0.30|0.90,513,1539,"ADTranz,Siemens,Linke-Hofmann-Busch,Bombardier",S-Bahn,HAM,DE,Central Europe,FALSE,Hamburg,Germany
TRUE,DBAG 490 (HAM),Standard S-Bahn,"1.2kV Main Line (TRS|AAR), 15-16.6 Main Line (CAT|UIC)",The Class 490 is an S-Bahn EMU built by Bombardier for the Hamburg S-Bahn that entered service in 2018. ,38.9,1.00,1.00,150,3,9,3,22.00,3.01,225,2155139,63000,94500000,18900000,TRUE,13,FALSE,550,55,#54216E,5.63|2.50|1.25|0.30|0.90,450,1350,Bombardier,S-Bahn,HAM,DE,Central Europe,FALSE,Hamburg,Germany
TRUE,Coradia LINT 27,Diesel Commuter,"EU Commuter Diesel, 15-16.6 Main Line (CAT|UIC), U.S. Commuter Diesel",The Coradia LINT is a series of Diesel (and some Hydrogen) MUs built by Alstom since 1993 that are in usage across the world. The number roughly corresponds to vehicle length. Hydrogen LINTs are called iLINT. iLINT Cost is adjusted down by 2 million for balance.,33.3,0.50,0.90,145,2,3,1,27.26,3.03,100,1547367,37500,56250000,11250000,TRUE,15,FALSE,800,80,#005132,8.44|3.75|1.88|0.30|0.90,290,435,Alstom,Commuter,Generic,Generic,Generic,FALSE,Generic,Generic
TRUE,Coradia LINT 41,Diesel Commuter,"EU Commuter Diesel, 15-16.6 Main Line (CAT|UIC), U.S. Commuter Diesel",The Coradia LINT is a series of Diesel (and some Hydrogen) MUs built by Alstom since 1993 that are in usage across the world. The number roughly corresponds to vehicle length. Hydrogen LINTs are called iLINT. iLINT Cost is adjusted down by 2 million for balance.,38.9,0.60,1.10,113,2,6,2,20.91,3.03,140,2372630,37500,56250000,11250000,TRUE,15,FALSE,800,80,#8C959A,8.44|3.75|1.88|0.30|0.90,226,678,Alstom,Commuter,"OTT, BER, CPH","CA, DE, DK","North America, Central Europe, Northern Europe",FALSE,"Ottawa, Berlin, Copenhagen","Canada, Germany, Denmark"
TRUE,Coradia LINT 54,Diesel Commuter,"EU Commuter Diesel, 15-16.6 Main Line (CAT|UIC), U.S. Commuter Diesel",The Coradia LINT is a series of Diesel (and some Hydrogen) MUs built by Alstom since 1993 that are in usage across the world. The number roughly corresponds to vehicle length. Hydrogen LINTs are called iLINT. iLINT Cost is adjusted down by 2 million for balance.,38.9,0.60,1.10,180,2,8,2,26.14,3.03,220,2636256,37500,56250000,11250000,TRUE,15,FALSE,800,80,#E4000F,8.44|3.75|1.88|0.30|0.90,360,1440,Alstom,Commuter,"BER, HAM","DE, DE","Central Europe, Central Europe",FALSE,"Berlin, Hamburg","Germany, Germany"
TRUE,Coradia LINT 81,Diesel Commuter,"EU Commuter Diesel, 15-16.6 Main Line (CAT|UIC), U.S. Commuter Diesel",The Coradia LINT is a series of Diesel (and some Hydrogen) MUs built by Alstom since 1993 that are in usage across the world. The number roughly corresponds to vehicle length. Hydrogen LINTs are called iLINT. iLINT Cost is adjusted down by 2 million for balance.,38.9,0.60,1.10,190,2,6,2,26.97,3.03,220,2636256,37500,56250000,11250000,TRUE,15,FALSE,800,80,#A3C627,8.44|3.75|1.88|0.30|0.90,380,1140,Alstom,Commuter,Generic,Generic,Generic,FALSE,Generic,Generic
TRUE,Coradia iLINT 54,Hydrogen Commuter,"EU Commuter Diesel, 15-16.6 Main Line (CAT|UIC), U.S. Commuter Diesel",The Coradia LINT is a series of Diesel (and some Hydrogen) MUs built by Alstom since 1993 that are in usage across the world. The number roughly corresponds to vehicle length. Hydrogen LINTs are called iLINT. iLINT Cost is adjusted down by 2 million for balance.,38.9,0.60,1.10,180,2,8,2,26.14,3.03,220,5908767,37500,56250000,11250000,TRUE,15,FALSE,850,85,#E41B47,8.44|3.75|1.88|0.30|0.90,360,1440,Alstom,Commuter,Generic,Generic,Generic,FALSE,Generic,Generic
TRUE,M200 (HEL),Standard Metro,750V Soviet Metro (TRU|UIC),The M200 is a metro EMU built for the Helsinki Metro by Bombardier and Alstom that entered service in the early 2000s. This is the version constrained by IRL platform size.,27.8,1.20,1.20,200,2,6,2,22.50,3.20,140,1662699,62000,93000000,18750000,FALSE,13,FALSE,500,50,#FF4400,5.63|2.50|1.25|0.30|0.90,400,1200,"Alstom,Bombardier",Metro,HEL,FI,Northern Europe,FALSE,Helsinki,Finland
TRUE,M200L (HEL),Standard Metro,750V Soviet Metro (TRU|UIC),The M200 is a metro EMU built for the Helsinki Metro by Bombardier and Alstom that entered service in the early 2000s. This is the version constrained by the train's technology itself.,27.8,1.20,1.20,200,2,12,2,22.50,3.20,285,1662699,62000,93000000,18750000,FALSE,13,FALSE,500,50,#E03B00,5.63|2.50|1.25|0.30|0.90,400,2400,"Alstom,Bombardier",Metro,HEL,FI,Northern Europe,FALSE,Helsinki,Finland
TRUE,M300 (HEL),Standard Metro,"750V Soviet Metro (TRU|UIC), 750V Soviet Auto Metro (TRU|UIC)",The M300 is a metro EMU built for the Helsinki Metro by CAF that entered service in 2016. This is the manual/automatic version with temporary cab cars. Acceleration is a guesstimate.,22.2,1.20,1.20,144,4,4,4,22.06,3.20,140,2076051,62000,93000000,18750000,FALSE,13,FALSE,500,50,#C63100,5.63|2.50|1.25|0.30|0.90,576,576,CAF,Metro,HEL,FI,Northern Europe,FALSE,Helsinki,Finland
TRUE,M300A (HEL),Automated Metro,750V Soviet Auto Metro (TRU|UIC),The M300 is a metro EMU built for the Helsinki Metro by CAF that entered service in 2016. This is the automatic version. Acceleration is a guesstimate.,22.2,1.20,1.20,144,4,4,4,22.06,3.20,140,2076051,62000,97650000,19687500,FALSE,13,FALSE,400,40,#AD2800,5.63|2.50|1.25|0.30|0.90,576,576,CAF,Metro,HEL,FI,Northern Europe,FALSE,Helsinki,Finland
TRUE,Stadler FLIRT 2,Standard Commuter,"25-GF Main Line (CAT|AAR), 25-GF Main Line (CAT|MW), 25-GF Main Line (CAT|UIC), 1.2kV Main Line (CAT|LSS), 15-16.6 Main Line (CAT|UIC), 1.2kV Main Line (TRS|AAR), 3kV IB Main Line (CAT|LSS)",The Stadler FLIRT is a family of EMUs used around the world since 2004. They are built to specification for various agencies but this is a generic model. The number represents the number of cars per set not IRL branding.,44.4,0.83,1.20,129,2,8,2,22.85,2.88,200,2285000,50000,75000000,15000000,TRUE,15,FALSE,600,60,#6b0579,8.44|3.75|1.88|0.30|0.90,258,1032,Stadler,Commuter,Generic,Generic,Generic,TRUE,Generic,Generic
TRUE,Stadler FLIRT 3,Standard Commuter,"25-GF Main Line (CAT|AAR), 25-GF Main Line (CAT|MW), 25-GF Main Line (CAT|UIC), 1.2kV Main Line (CAT|LSS), 15-16.6 Main Line (CAT|UIC), 1.2kV Main Line (TRS|AAR), 3kV IB Main Line (CAT|LSS)",The Stadler FLIRT is a family of EMUs used around the world since 2004. They are built to specification for various agencies but this is a generic model. The number represents the number of cars per set not IRL branding.,44.4,1.19,1.20,103,3,12,3,19.53,2.88,250,1953333,50000,75000000,15000000,TRUE,15,FALSE,600,60,#53e859,8.44|3.75|1.88|0.30|0.90,309,1236,Stadler,Commuter,Generic,Generic,Generic,TRUE,Generic,Generic
TRUE,Stadler FLIRT XL 3,Standard Commuter,"25-GF Main Line (CAT|AAR), 25-GF Main Line (CAT|MW), 25-GF Main Line (CAT|UIC), 1.2kV Main Line (CAT|LSS), 15-16.6 Main Line (CAT|UIC), 1.2kV Main Line (TRS|AAR), 3kV IB Main Line (CAT|LSS)",The Stadler FLIRT is a family of EMUs used around the world since 2004. They are built to specification for various agencies but this is a generic model. The number represents the number of cars per set not IRL branding.,44.4,1.19,1.20,146,3,12,3,22.53,2.88,290,2253333,50000,75000000,15000000,TRUE,15,FALSE,600,60,#e853e3,8.44|3.75|1.88|0.30|0.90,438,1752,Stadler,Commuter,Generic,Generic,Generic,TRUE,Generic,Generic
TRUE,Stadler FLIRT 4,Standard Commuter,"25-GF Main Line (CAT|AAR), 25-GF Main Line (CAT|MW), 25-GF Main Line (CAT|UIC), 1.2kV Main Line (CAT|LSS), 15-16.6 Main Line (CAT|UIC), 1.2kV Main Line (TRS|AAR), 3kV IB Main Line (CAT|LSS)",The Stadler FLIRT is a family of EMUs used around the world since 2004. They are built to specification for various agencies but this is a generic model. The number represents the number of cars per set not IRL branding.,44.4,1.20,1.20,115,4,16,4,18.57,2.88,330,1856650,50000,75000000,15000000,TRUE,15,FALSE,600,60,#127905,8.44|3.75|1.88|0.30|0.90,460,1840,Stadler,Commuter,Generic,Generic,Generic,TRUE,Generic,Generic
TRUE,Stadler FLIRT 5,Standard Commuter,"25-GF Main Line (CAT|AAR), 25-GF Main Line (CAT|MW), 25-GF Main Line (CAT|UIC), 1.2kV Main Line (CAT|LSS), 15-16.6 Main Line (CAT|UIC), 1.2kV Main Line (TRS|AAR), 3kV IB Main Line (CAT|LSS)",The Stadler FLIRT is a family of EMUs used around the world since 2004. They are built to specification for various agencies but this is a generic model. The number represents the number of cars per set not IRL branding.,55.6,0.87,1.20,99,5,15,5,18.08,2.88,330,1807560,50000,75000000,15000000,TRUE,15,FALSE,600,60,#29E179,8.44|3.75|1.88|0.30|0.90,495,1485,Stadler,Commuter,Generic,Generic,Generic,TRUE,Generic,Generic
TRUE,Stadler FLIRT XL 5,Standard Commuter,"25-GF Main Line (CAT|AAR), 25-GF Main Line (CAT|MW), 25-GF Main Line (CAT|UIC), 1.2kV Main Line (CAT|LSS), 15-16.6 Main Line (CAT|UIC), 1.2kV Main Line (TRS|AAR), 3kV IB Main Line (CAT|LSS)",The Stadler FLIRT is a family of EMUs used around the world since 2004. They are built to specification for various agencies but this is a generic model. The number represents the number of cars per set not IRL branding.,55.6,0.87,1.20,132,5,15,5,21.24,2.88,330,2124000,50000,75000000,15000000,TRUE,15,FALSE,600,60,#E12992,8.44|3.75|1.88|0.30|0.90,660,1980,Stadler,Commuter,Generic,Generic,Generic,TRUE,Generic,Generic
TRUE,Stadler FLIRT 6,Standard Commuter,"25-GF Main Line (CAT|AAR), 25-GF Main Line (CAT|MW), 25-GF Main Line (CAT|UIC), 1.2kV Main Line (CAT|LSS), 15-16.6 Main Line (CAT|UIC), 1.2kV Main Line (TRS|AAR), 3kV IB Main Line (CAT|LSS)",The Stadler FLIRT is a family of EMUs used around the world since 2004. They are built to specification for various agencies but this is a generic model. The number represents the number of cars per set not IRL branding.,55.6,0.80,1.20,120,6,18,6,17.82,2.88,330,1781667,50000,75000000,15000000,TRUE,15,FALSE,600,60,#ACD13F,8.44|3.75|1.88|0.30|0.90,720,2160,Stadler,Commuter,Generic,Generic,Generic,TRUE,Generic,Generic
TRUE,Stadler FLIRT 7,Standard Commuter,"25-GF Main Line (CAT|AAR), 25-GF Main Line (CAT|MW), 25-GF Main Line (CAT|UIC), 1.2kV Main Line (CAT|LSS), 15-16.6 Main Line (CAT|UIC), 1.2kV Main Line (TRS|AAR), 3kV IB Main Line (CAT|LSS)",The Stadler FLIRT is a family of EMUs used around the world since 2004. They are built to specification for various agencies but this is a generic model. The number represents the number of cars per set not IRL branding.,55.6,0.90,1.20,84,7,14,7,19.21,3.48,330,1921429,50000,75000000,15000000,TRUE,15,FALSE,600,60,#2D2F98,8.44|3.75|1.88|0.30|0.90,588,1176,Stadler,Commuter,Generic,Generic,Generic,TRUE,Generic,Generic
TRUE,Stadler FLIRT 8,Standard Commuter,"25-GF Main Line (CAT|AAR), 25-GF Main Line (CAT|MW), 25-GF Main Line (CAT|UIC), 1.2kV Main Line (CAT|LSS), 15-16.6 Main Line (CAT|UIC), 1.2kV Main Line (TRS|AAR), 3kV IB Main Line (CAT|LSS)",The Stadler FLIRT is a family of EMUs used around the world since 2004. They are built to specification for various agencies but this is a generic model. This is the maximum possible length of train possible for the FLIRT.,55.6,0.60,1.20,55,8,16,8,18.78,2.82,330,1877500,50000,75000000,15000000,TRUE,15,FALSE,600,60,#894C95,8.44|3.75|1.88|0.30|0.90,440,880,Stadler,Commuter,Generic,Generic,Generic,TRUE,Generic,Generic
TRUE,Stadler FLIRT 8 Unbound,Standard Commuter,"25-GF Main Line (CAT|AAR), 25-GF Main Line (CAT|MW), 25-GF Main Line (CAT|UIC), 1.2kV Main Line (CAT|LSS), 15-16.6 Main Line (CAT|UIC), 1.2kV Main Line (TRS|AAR), 3kV IB Main Line (CAT|LSS)",The Stadler FLIRT is a family of EMUs used around the world since 2004. They are built to specification for various agencies but this is a generic model. This is the maximum possible length of train possible for the FLIRT.,55.6,0.60,1.20,76,8,32,8,18.78,2.82,620,1877500,50000,75000000,15000000,TRUE,15,FALSE,600,60,#58954C,8.44|3.75|1.88|0.30|0.90,608,2432,Stadler,Commuter,Generic,Generic,Generic,TRUE,Generic,Generic
TRUE,Stadler FLIRT 12,Standard Commuter,"25-GF Main Line (CAT|AAR), 25-GF Main Line (CAT|MW), 25-GF Main Line (CAT|UIC), 1.2kV Main Line (CAT|LSS), 15-16.6 Main Line (CAT|UIC), 1.2kV Main Line (TRS|AAR), 3kV IB Main Line (CAT|LSS)",The Stadler FLIRT is a family of EMUs used around the world since 2004. They are built to specification for various agencies but this is a generic model. This is the maximum possible length of train possible for the FLIRT.,55.6,0.90,0.90,64,12,12,12,19.72,2.72,250,1971667,50000,75000000,15000000,TRUE,15,FALSE,600,60,#2473a0,8.44|3.75|1.88|0.30|0.90,768,768,Stadler,Commuter,Generic,Generic,Generic,TRUE,Generic,Generic
TRUE,Stadler FLIRT 4 Dual-Mode,Dual-Mode Commuter,"25-GF Main Line (CAT|AAR), 25-GF Main Line (CAT|MW), 25-GF Main Line (CAT|UIC), 1.2kV Main Line (CAT|LSS), 15-16.6 Main Line (CAT|UIC), 1.2kV Main Line (TRS|AAR), 3kV IB Main Line (CAT|LSS)","The Stadler FLIRT is a family of EMUs used around the world since 2004, but this is a hybrid EMU-DMU version. They are built to specification for various agencies but this is a generic model. The number represents the number of cars per set not IRL branding. ",44.4,1.20,1.20,115,4,16,4,18.57,2.88,330,1856650,50000,75000000,15000000,TRUE,15,FALSE,650,65,#127905,8.44|3.75|1.88|0.30|0.90,460,1840,Stadler,Commuter,"Generic, DFW","Generic, US","Generic, North America",TRUE,"Generic, Dallas","Generic, United States of America"
TRUE,Kinki Sharyo SLRV,Standard LRT,750V LRT (CAT|MS),"The Kinki Sharyo Super Light Rail Vehicle (SLRV) is an articulated LRV built for Dallas' DART that entered service in 1996. They are Super LRVs, not Super Light RVs. ",31.3,1.03,1.34,75,3,12,3,12.55,2.69,160,1250000,50000,75000000,15000000,TRUE,6.7,TRUE,280,28,#EE2834,6.75|3.00|1.50|0.30|0.80,225,900,Kinki Sharyo,LRT,DFW,US,North America,FALSE,Dallas,United States of America
TRUE,VR Class Sm7,Standard Commuter,25-GF Soviet Main Line (CAT|UIC),The VR Class Sm7 is a Stadler FLIRT-based commuter rail EMU built for usage in Finland. They are significantly wider than the average FLIRT and are broad gauge. They will enter service in 2026.,44.4,1.20,1.20,199,4,12,4,18.90,3.20,250,3707234,55000,82500000,16500000,TRUE,15,FALSE,580,58,#14B250,8.44|3.75|1.88|0.30|0.90,796,2388,Stadler,Commuter,HEL,FI,Northern Europe,FALSE,Helsinki,Finland
TRUE,VR Class Sm5,Standard Commuter,25-GF Soviet Main Line (CAT|UIC),The VR Class Sm5 is a Stadler FLIRT-based commuter rail EMU built for usage in Finland. They are significantly wider than the average FLIRT and are broad gauge. They entered service in 2009.,44.4,1.20,1.20,140,4,12,4,18.90,3.20,250,1751668,55000,82500000,16500000,TRUE,15,FALSE,600,60,#129E45,8.44|3.75|1.88|0.30|0.90,560,1680,Stadler,Commuter,HEL,FI,Northern Europe,FALSE,Helsinki,Finland
TRUE,Artic MLNRV-3,Standard LRT,750V Metre LRT (CAT|UN),The Arctic MLNRV-3 is an articulated LRV built by Škoda for Helsinki's tram network that entered service in 2013. Acceleration is a guesstimate.,22.2,1.20,1.20,71,3,3,3,9.20,2.40,35,1117113,55000,82500000,16500000,TRUE,6.7,FALSE,200,20,#F9AF15,5.06|2.25|1.13|0.30|0.70,213,213,Škoda,LRT,HEL,FI,Northern Europe,FALSE,Helsinki,Finland
TRUE,Artic X54,Standard LRT,750V Metre LRT (CAT|UN),The Arctic X54 is an articulated LRV built by Škoda for Helsinki's light rail network that entered service in 2021. It is expandable. Acceleration is a guesstimate.,22.2,1.20,1.20,71,5,6,1,6.80,2.42,45,880968,55000,82500000,16500000,TRUE,6.7,FALSE,200,20,#007E79,5.06|2.25|1.13|0.30|0.70,355,426,Škoda,LRT,HEL,FI,Northern Europe,FALSE,Helsinki,Finland
TRUE,GT8-100C/2S,Standard LRT,"750V LRT (CAT|MS), 15-16.6 LRT (CAT|MS)",The GT8-100C/2S is an articulated LRV built by DUEWAG and ABB for the the Karlsruhe Light Rail that entered service in the early 1990s.,25.0,0.85,1.60,70,3,9,3,12.20,2.65,120,1000000,50000,75000000,15000000,TRUE,6.7,TRUE,280,28,#00A99D,6.75|3.00|1.50|0.30|0.80,210,630,"Duewag,ABB",LRT,FKB,DE,Central Europe,FALSE,Karlsruhe,Germany
TRUE,GT8-100D/2S-M,Standard LRT,"750V LRT (CAT|MS), 15-16.6 LRT (CAT|MS)",The GT8-100D/2S-M is an articulated LRV built by DUEWAG and Siemens based off of the 100C/2S for the the Karlsruhe Light Rail that entered service in the late 90s/early 2000s.,25.0,1.00,1.60,74,3,9,3,12.54,2.65,120,1067684,50000,75000000,15000000,TRUE,6.7,TRUE,280,28,#9E184D,6.75|3.00|1.50|0.30|0.80,222,666,"Duewag,Alstom",LRT,FKB,DE,Central Europe,FALSE,Karlsruhe,Germany
TRUE,ET 2010,Standard LRT,"750V LRT (CAT|MS), 15-16.6 LRT (CAT|MS)",The Flexity Swift is a series of articulated tram/LRT/light metro vehicles produced by Bombardier/Alstom that have been in service for decades around the world. This is the ET 2010 which was built for Karlsruhe and entered service in 2013.,27.8,1.06,1.60,78,3,12,3,12.34,2.65,175,1700385,50000,75000000,15000000,TRUE,6.7,FALSE,200,20,#BED730,6.75|3.00|1.50|0.30|0.80,234,936,Bombardier,LRT,FKB,DE,Central Europe,FALSE,Karlsruhe,Germany
TRUE,VDV-Tram-Train,Standard LRT,"750V LRT (CAT|MS), 15-16.6 LRT (CAT|MS)",The VDV-Tram-Train is a variant of the Vossloh/Stadler Citylink LRV that was built for six German and Austrian transport companies and entered service in the 2020s. ,27.8,1.06,1.60,76,3,12,3,12.40,2.65,175,2732704,50000,75000000,15000000,TRUE,6.7,FALSE,200,20,#0090AD,6.75|3.00|1.50|0.30|0.80,228,912,Stadler,LRT,"Generic, FKB","Generic, DE","Generic, Central Europe",TRUE,"Generic, Karlsruhe","Generic, Germany"
TRUE,GT6-70D/N,Standard LRT,750V LRT (CAT|MS),The GT6-70D/N is an articulated LRV built by DUEWAG and Siemens based off of the 100C/2S for Karlsruhe that entered service in the late 90s/early 2000s. Capacity is artifically increased due to game limitations.,22.2,1.06,1.60,67,3,9,3,9.90,2.65,120,766279,50000,75000000,15000000,TRUE,6.7,TRUE,280,28,#A065AB,6.75|3.00|1.50|0.30|0.80,201,603,"Duewag,Alstom",LRT,FKB,DE,Central Europe,FALSE,Karlsruhe,Germany
TRUE,GT8-70D/N,Standard LRT,750V LRT (CAT|MS),The GT8-70D/N is an articulated LRV built by DUEWAG and Siemens based off of the 100C/2S for Karlsruhe that entered service in the late 90s/early 2000s.,22.2,1.06,1.60,49,5,15,5,7.84,2.65,175,606792,50000,75000000,15000000,TRUE,6.7,TRUE,280,28,#0071BC,6.75|3.00|1.50|0.30|0.80,245,735,"Duewag,Alstom",LRT,FKB,DE,Central Europe,FALSE,Karlsruhe,Germany
TRUE,NET 2012,Standard LRT,750V LRT (CAT|MS),The NET 2012 is a variant of the Vossloh/Stadler Citylink LRV that was built for Karlsruhe that entered service in 2014.,22.2,1.06,1.60,78,3,12,3,12.40,2.65,175,1186315,50000,75000000,15000000,TRUE,6.7,FALSE,200,20,#00A76D,6.75|3.00|1.50|0.30|0.80,234,936,Stadler,LRT,FKB,DE,Central Europe,FALSE,Karlsruhe,Germany
TRUE,Metropolis (SYD),Automated Metro,1.5kV Auto Metro (CAT|AAR),The Alstom Metropolis is a series of metro EMUs in service across the world since 1993. This is a fully automated variant for the Sydney Metro that entered service in 2019. They are expandable from 6 to 8 cars.,27.8,1.20,1.10,183,6,8,1,20.25,3.05,180,3008770,50000,78750000,15750000,FALSE,13,FALSE,400,40,#168388,8.44|3.75|1.88|0.30|0.90,1098,1464,Alstom,Metro,SYD,AU,Oceania,FALSE,Sydney,Australia
TRUE,Inspiro (SYD),Automated Metro,25-GF Auto Metro (CAT|UIC),The Siemens Inspiro is a family of metro EMUs that have been in service around the world since 2013. This is the automated version on order by the Sydney Metro which is expected to enter service in 2027. ,27.8,1.20,1.10,215,3,3,3,22.54,3.19,75,3349516,50000,78750000,15750000,FALSE,13,FALSE,400,40,#199296,8.44|3.75|1.88|0.30|0.90,645,645,Siemens,Metro,SYD,AU,Oceania,FALSE,Sydney,Australia
TRUE,K Sets (SYD),Standard Commuter,1.5kV Main Line (CAT|AAR),The K sets are double-decker commuter rail EMUs built for Sydney Trains by A Goninan & Co that entered service in 1981. Cost and acceleration are guesstimates.,31.9,0.80,0.90,113,4,8,4,20.39,3.04,180,834397,50000,75000000,15000000,TRUE,15,TRUE,840,84,#F99D1C,8.44|3.75|1.88|0.30|0.90,452,904,A Goninan & Co,Commuter,SYD,AU,Oceania,FALSE,Sydney,Australia
TRUE,T Sets (SYD),Standard Commuter,1.5kV Main Line (CAT|AAR),The T sets / Tangaras are double-decker commuter rail EMUs built for Sydney Trains by A Goninan & Co that entered service in 1988.,31.9,0.80,0.90,102,4,8,4,20.27,3.00,180,834397,50000,75000000,15000000,TRUE,15,TRUE,840,84,#C4258F,8.44|3.75|1.88|0.30|0.90,408,816,A Goninan & Co,Commuter,SYD,AU,Oceania,FALSE,Sydney,Australia
TRUE,M Sets (SYD),Standard Commuter,1.5kV Main Line (CAT|AAR),The M sets / Millenniums are double-decker commuter rail EMUs built for Sydney Trains by EDi Rail that entered service in 2002. Cost and acceleration are guesstimates.,36.1,0.80,0.90,113,4,8,4,20.39,3.03,180,1000000,50000,75000000,15000000,TRUE,15,FALSE,600,60,#0098CD,8.44|3.75|1.88|0.30|0.90,452,904,EDi Rail,Commuter,SYD,AU,Oceania,FALSE,Sydney,Australia
TRUE,H Sets (NSW),Standard Commuter,1.5kV Main Line (CAT|AAR),The H sets / OSCARs are double-decker commuter rail EMUs built for CityRail/NSW TrainLink by UGL Rail that entered service in 2006. Cost and acceleration are guesstimates.,36.1,1.03,1.01,108,4,8,4,20.39,3.03,180,1500000,50000,75000000,15000000,TRUE,15,FALSE,600,60,#D11F2F,8.44|3.75|1.88|0.30|0.90,432,864,UGL Rail,Commuter,SYD,AU,Oceania,FALSE,Sydney,Australia
TRUE,A/B Sets (SYD),Standard Commuter,1.5kV Main Line (CAT|AAR),The A and B sets / Waratahs are double-decker commuter rail EMUs built for Sydney Trains by Downer Rail and CRRC that entered service in 2011.,36.1,1.03,1.05,150,4,8,4,20.39,3.04,180,2181821,50000,75000000,15000000,TRUE,15,FALSE,600,60,#6F818E,8.44|3.75|1.88|0.30|0.90,600,1200,"Downer Rail, CRRC",Commuter,SYD,AU,Oceania,FALSE,Sydney,Australia
TRUE,D Sets (NSW),Standard Commuter,1.5kV Main Line (CAT|AAR),"The D sets / Mariyung are double-decker commuter rail EMUs built for Sydney Trains by Hyundai Rotem, UGC, and Mitsubishi that entered service in 2024.",44.4,0.83,1.01,82,4,8,2,20.37,3.03,180,3182490,50000,75000000,15000000,TRUE,15,FALSE,600,60,#005AA3,8.44|3.75|1.88|0.30|0.90,328,656,"Hyundai,UGL Rail,Mitsubishi",Commuter,SYD,AU,Oceania,FALSE,Sydney,Australia
TRUE,R Sets (NSW),Dual-Mode Commuter,"U.S. Commuter Diesel, 1.5kV Main Line (CAT|AAR)",The R sets are double-decker commuter rail EMUs built for Sydney Trains by CAF based on the Civity that will enter service by 2029. Acceleration and capacity are guesstimates.,44.4,0.83,1.01,110,3,6,3,24.36,2.97,180,4012705,37500,56250000,11250000,TRUE,15,FALSE,650,65,#D11F2F,8.44|3.75|1.88|0.30|0.90,330,660,CAF,Commuter,SYD,AU,Oceania,FALSE,Sydney,Australia
TRUE,N Sets (NSW),Diesel Commuter,U.S. Commuter Diesel,The N sets / Endeavours are commuter rail DMUs built for Sydney Trains by ABB that entered service in 1994. Acceleration and cost are guesstimates. Capacity is slightly increased due to game limits.,40.3,0.70,0.90,100,2,4,2,25.25,2.92,125,1033530,37500,56250000,11250000,TRUE,15,TRUE,1120,112,#008846,8.44|3.75|1.88|0.30|0.90,200,400,ABB,Commuter,SYD,AU,Oceania,FALSE,Sydney,Australia
TRUE,J Sets (NSW),Diesel Commuter,U.S. Commuter Diesel,The J sets / Hunters are commuter rail DMUs built for Sydney Trains by UGL Rail that entered service in 2006. Acceleration and cost are guesstimates. Capacity is increased due to game limits.,40.3,0.70,0.90,100,2,4,2,25.25,2.93,180,1857756,37500,56250000,11250000,TRUE,15,FALSE,800,80,#833134,8.44|3.75|1.88|0.30|0.90,200,400,UGL Rail,Commuter,SYD,AU,Oceania,FALSE,Sydney,Australia
TRUE,Urbos 100 (SYD),Standard LRT,"750V LRT (CAT|MS), Battery LRT (MS), 750V LRT (APS|MS)",The Urbos family are articulated low-floor light-rail vehicles built by CAF that have been in service across the world since the 90s. This specific model is based on those in use in Sydney. Acceleration is guesstimated.,22.2,1.20,1.20,43,7,7,7,6.43,2.65,60,337357,50000,75000000,15000000,TRUE,6.7,FALSE,200,20,#239847,6.75|3.00|1.50|0.30|0.80,301,301,CAF,LRT,SYD,AU,Oceania,FALSE,Sydney,Australia
FALSE,,,,,,,,,,,,,,,,,,,,,FALSE,,,,,0,0,,,,,,FALSE,,
FALSE,,,,,,,,,,,,,,,,,,,,,FALSE,,,,,0,0,,,,,,FALSE,,
FALSE,,,,,,,,,,,,,,,,,,,,,FALSE,,,,,0,0,,,,,,FALSE,,
FALSE,,,,,,,,,,,,,,,,,,,,,FALSE,,,,,0,0,,,,,,FALSE,,
FALSE,,,,,,,,,,,,,,,,,,,,,FALSE,,,,,0,0,,,,,,FALSE,,
FALSE,,,,,,,,,,,,,,,,,,,,,FALSE,,,,,0,0,,,,,,FALSE,,
FALSE,,,,,,,,,,,,,,,,,,,,,FALSE,,,,,0,0,,,,,,FALSE,,
FALSE,,,,,,,,,,,,,,,,,,,,,FALSE,,,,,0,0,,,,,,FALSE,,
FALSE,,,,,,,,,,,,,,,,,,,,,FALSE,,,,,0,0,,,,,,FALSE,,
FALSE,,,,,,,,,,,,,,,,,,,,,FALSE,,,,,0,0,,,,,,FALSE,,
FALSE,,,,,,,,,,,,,,,,,,,,,FALSE,,,,,0,0,,,,,,FALSE,,
FALSE,,,,,,,,,,,,,,,,,,,,,FALSE,,,,,0,0,,,,,,FALSE,,
FALSE,,,,,,,,,,,,,,,,,,,,,FALSE,,,,,0,0,,,,,,FALSE,,
FALSE,,,,,,,,,,,,,,,,,,,,,FALSE,,,,,0,0,,,,,,FALSE,,
FALSE,,,,,,,,,,,,,,,,,,,,,FALSE,,,,,0,0,,,,,,FALSE,,
FALSE,,,,,,,,,,,,,,,,,,,,,FALSE,,,,,0,0,,,,,,FALSE,,
FALSE,,,,,,,,,,,,,,,,,,,,,FALSE,,,,,0,0,,,,,,FALSE,,
FALSE,,,,,,,,,,,,,,,,,,,,,FALSE,,,,,0,0,,,,,,FALSE,,
FALSE,,,,,,,,,,,,,,,,,,,,,FALSE,,,,,0,0,,,,,,FALSE,,
FALSE,,,,,,,,,,,,,,,,,,,,,FALSE,,,,,0,0,,,,,,FALSE,,
FALSE,,,,,,,,,,,,,,,,,,,,,FALSE,,,,,0,0,,,,,,FALSE,,
FALSE,,,,,,,,,,,,,,,,,,,,,FALSE,,,,,0,0,,,,,,FALSE,,
FALSE,,,,,,,,,,,,,,,,,,,,,FALSE,,,,,0,0,,,,,,FALSE,,
FALSE,,,,,,,,,,,,,,,,,,,,,FALSE,,,,,0,0,,,,,,FALSE,,
FALSE,,,,,,,,,,,,,,,,,,,,,FALSE,,,,,0,0,,,,,,FALSE,,
FALSE,,,,,,,,,,,,,,,,,,,,,FALSE,,,,,0,0,,,,,,FALSE,,
FALSE,,,,,,,,,,,,,,,,,,,,,FALSE,,,,,0,0,,,,,,FALSE,,
FALSE,,,,,,,,,,,,,,,,,,,,,FALSE,,,,,0,0,,,,,,FALSE,,
FALSE,,,,,,,,,,,,,,,,,,,,,FALSE,,,,,0,0,,,,,,FALSE,,
FALSE,,,,,,,,,,,,,,,,,,,,,FALSE,,,,,0,0,,,,,,FALSE,,
FALSE,,,,,,,,,,,,,,,,,,,,,FALSE,,,,,0,0,,,,,,FALSE,,
FALSE,,,,,,,,,,,,,,,,,,,,,FALSE,,,,,0,0,,,,,,FALSE,,
FALSE,,,,,,,,,,,,,,,,,,,,,FALSE,,,,,0,0,,,,,,FALSE,,
FALSE,,,,,,,,,,,,,,,,,,,,,FALSE,,,,,0,0,,,,,,FALSE,,
FALSE,,,,,,,,,,,,,,,,,,,,,FALSE,,,,,0,0,,,,,,FALSE,,
FALSE,,,,,,,,,,,,,,,,,,,,,FALSE,,,,,0,0,,,,,,FALSE,,
FALSE,,,,,,,,,,,,,,,,,,,,,FALSE,,,,,0,0,,,,,,FALSE,,
FALSE,,,,,,,,,,,,,,,,,,,,,FALSE,,,,,0,0,,,,,,FALSE,,
FALSE,,,,,,,,,,,,,,,,,,,,,FALSE,,,,,0,0,,,,,,FALSE,,
FALSE,,,,,,,,,,,,,,,,,,,,,FALSE,,,,,0,0,,,,,,FALSE,,
FALSE,,,,,,,,,,,,,,,,,,,,,FALSE,,,,,0,0,,,,,,FALSE,,
FALSE,,,,,,,,,,,,,,,,,,,,,FALSE,,,,,0,0,,,,,,FALSE,,
FALSE,,,,,,,,,,,,,,,,,,,,,FALSE,,,,,0,0,,,,,,FALSE,,
FALSE,,,,,,,,,,,,,,,,,,,,,FALSE,,,,,0,0,,,,,,FALSE,,
FALSE,,,,,,,,,,,,,,,,,,,,,FALSE,,,,,0,0,,,,,,FALSE,,
FALSE,,,,,,,,,,,,,,,,,,,,,FALSE,,,,,0,0,,,,,,FALSE,,
FALSE,,,,,,,,,,,,,,,,,,,,,FALSE,,,,,0,0,,,,,,FALSE,,
FALSE,,,,,,,,,,,,,,,,,,,,,FALSE,,,,,0,0,,,,,,FALSE,,
FALSE,,,,,,,,,,,,,,,,,,,,,FALSE,,,,,0,0,,,,,,FALSE,,
FALSE,,,,,,,,,,,,,,,,,,,,,FALSE,,,,,0,0,,,,,,FALSE,,
FALSE,,,,,,,,,,,,,,,,,,,,,FALSE,,,,,0,0,,,,,,FALSE,,
FALSE,,,,,,,,,,,,,,,,,,,,,FALSE,,,,,0,0,,,,,,FALSE,,
FALSE,,,,,,,,,,,,,,,,,,,,,FALSE,,,,,,,,,,,,FALSE,,
FALSE,,,,,,,,,,,,,,,,,,,,,FALSE,,,,,,,,,,,,FALSE,,
FALSE,,,,,,,,,,,,,,,,,,,,,FALSE,,,,,,,,,,,,FALSE,,
FALSE,,,,,,,,,,,,,,,,,,,,,FALSE,,,,,,,,,,,,FALSE,,
FALSE,,,,,,,,,,,,,,,,,,,,,FALSE,,,,,,,,,,,,FALSE,,
FALSE,,,,,,,,,,,,,,,,,,,,,FALSE,,,,,,,,,,,,FALSE,,
FALSE,,,,,,,,,,,,,,,,,,,,,FALSE,,,,,,,,,,,,FALSE,,
FALSE,,,,,,,,,,,,,,,,,,,,,FALSE,,,,,,,,,,,,FALSE,,
FALSE,,,,,,,,,,,,,,,,,,,,,FALSE,,,,,,,,,,,,FALSE,,
FALSE,,,,,,,,,,,,,,,,,,,,,FALSE,,,,,,,,,,,,FALSE,,
FALSE,,,,,,,,,,,,,,,,,,,,,FALSE,,,,,,,,,,,,FALSE,,
FALSE,,,,,,,,,,,,,,,,,,,,,FALSE,,,,,,,,,,,,FALSE,,
FALSE,,,,,,,,,,,,,,,,,,,,,FALSE,,,,,,,,,,,,FALSE,,
FALSE,,,,,,,,,,,,,,,,,,,,,FALSE,,,,,,,,,,,,FALSE,,
FALSE,,,,,,,,,,,,,,,,,,,,,FALSE,,,,,,,,,,,,FALSE,,
FALSE,,,,,,,,,,,,,,,,,,,,,FALSE,,,,,,,,,,,,FALSE,,
FALSE,,,,,,,,,,,,,,,,,,,,,FALSE,,,,,,,,,,,,FALSE,,
FALSE,,,,,,,,,,,,,,,,,,,,,FALSE,,,,,,,,,,,,FALSE,,
FALSE,,,,,,,,,,,,,,,,,,,,,FALSE,,,,,,,,,,,,FALSE,,
FALSE,,,,,,,,,,,,,,,,,,,,,FALSE,,,,,,,,,,,,FALSE,,
FALSE,,,,,,,,,,,,,,,,,,,,,FALSE,,,,,,,,,,,,FALSE,,
FALSE,,,,,,,,,,,,,,,,,,,,,FALSE,,,,,,,,,,,,FALSE,,
FALSE,,,,,,,,,,,,,,,,,,,,,FALSE,,,,,,,,,,,,FALSE,,
FALSE,,,,,,,,,,,,,,,,,,,,,FALSE,,,,,,,,,,,,FALSE,,
FALSE,,,,,,,,,,,,,,,,,,,,,FALSE,,,,,,,,,,,,FALSE,,
FALSE,,,,,,,,,,,,,,,,,,,,,FALSE,,,,,,,,,,,,FALSE,,
FALSE,,,,,,,,,,,,,,,,,,,,,FALSE,,,,,,,,,,,,FALSE,,
FALSE,,,,,,,,,,,,,,,,,,,,,FALSE,,,,,,,,,,,,FALSE,,
FALSE,,,,,,,,,,,,,,,,,,,,,FALSE,,,,,,,,,,,,FALSE,,
FALSE,,,,,,,,,,,,,,,,,,,,,FALSE,,,,,,,,,,,,FALSE,,
FALSE,,,,,,,,,,,,,,,,,,,,,FALSE,,,,,,,,,,,,FALSE,,
FALSE,,,,,,,,,,,,,,,,,,,,,FALSE,,,,,,,,,,,,FALSE,,
FALSE,,,,,,,,,,,,,,,,,,,,,FALSE,,,,,,,,,,,,FALSE,,
FALSE,,,,,,,,,,,,,,,,,,,,,FALSE,,,,,,,,,,,,FALSE,,
FALSE,,,,,,,,,,,,,,,,,,,,,FALSE,,,,,,,,,,,,FALSE,,
FALSE,,,,,,,,,,,,,,,,,,,,,FALSE,,,,,,,,,,,,FALSE,,
FALSE,,,,,,,,,,,,,,,,,,,,,FALSE,,,,,,,,,,,,FALSE,,
FALSE,,,,,,,,,,,,,,,,,,,,,FALSE,,,,,,,,,,,,FALSE,,
FALSE,,,,,,,,,,,,,,,,,,,,,FALSE,,,,,,,,,,,,FALSE,,
FALSE,,,,,,,,,,,,,,,,,,,,,FALSE,,,,,,,,,,,,FALSE,,
FALSE,,,,,,,,,,,,,,,,,,,,,FALSE,,,,,,,,,,,,FALSE,,
FALSE,,,,,,,,,,,,,,,,,,,,,FALSE,,,,,,,,,,,,FALSE,,
FALSE,,,,,,,,,,,,,,,,,,,,,FALSE,,,,,,,,,,,,FALSE,,
FALSE,,,,,,,,,,,,,,,,,,,,,FALSE,,,,,,,,,,,,FALSE,,
FALSE,,,,,,,,,,,,,,,,,,,,,FALSE,,,,,,,,,,,,FALSE,,
FALSE,,,,,,,,,,,,,,,,,,,,,FALSE,,,,,,,,,,,,FALSE,,
FALSE,,,,,,,,,,,,,,,,,,,,,FALSE,,,,,,,,,,,,FALSE,,
FALSE,,,,,,,,,,,,,,,,,,,,,FALSE,,,,,,,,,,,,FALSE,,
FALSE,,,,,,,,,,,,,,,,,,,,,FALSE,,,,,,,,,,,,FALSE,,
FALSE,,,,,,,,,,,,,,,,,,,,,FALSE,,,,,,,,,,,,FALSE,,
FALSE,,,,,,,,,,,,,,,,,,,,,FALSE,,,,,,,,,,,,FALSE,,
FALSE,,,,,,,,,,,,,,,,,,,,,FALSE,,,,,,,,,,,,FALSE,,
FALSE,,,,,,,,,,,,,,,,,,,,,FALSE,,,,,,,,,,,,FALSE,,
FALSE,,,,,,,,,,,,,,,,,,,,,FALSE,,,,,,,,,,,,FALSE,,
FALSE,,,,,,,,,,,,,,,,,,,,,FALSE,,,,,,,,,,,,FALSE,,
FALSE,,,,,,,,,,,,,,,,,,,,,FALSE,,,,,,,,,,,,FALSE,,
FALSE,,,,,,,,,,,,,,,,,,,,,FALSE,,,,,,,,,,,,FALSE,,
FALSE,,,,,,,,,,,,,,,,,,,,,FALSE,,,,,,,,,,,,FALSE,,
FALSE,,,,,,,,,,,,,,,,,,,,,FALSE,,,,,,,,,,,,FALSE,,
FALSE,,,,,,,,,,,,,,,,,,,,,FALSE,,,,,,,,,,,,FALSE,,
FALSE,,,,,,,,,,,,,,,,,,,,,FALSE,,,,,,,,,,,,FALSE,,
FALSE,,,,,,,,,,,,,,,,,,,,,FALSE,,,,,,,,,,,,FALSE,,
FALSE,,,,,,,,,,,,,,,,,,,,,FALSE,,,,,,,,,,,,FALSE,,
FALSE,,,,,,,,,,,,,,,,,,,,,FALSE,,,,,,,,,,,,FALSE,,
FALSE,,,,,,,,,,,,,,,,,,,,,FALSE,,,,,,,,,,,,FALSE,,
FALSE,,,,,,,,,,,,,,,,,,,,,FALSE,,,,,,,,,,,,FALSE,,
FALSE,,,,,,,,,,,,,,,,,,,,,FALSE,,,,,,,,,,,,FALSE,,
FALSE,,,,,,,,,,,,,,,,,,,,,FALSE,,,,,,,,,,,,FALSE,,
FALSE,,,,,,,,,,,,,,,,,,,,,FALSE,,,,,,,,,,,,FALSE,,
FALSE,,,,,,,,,,,,,,,,,,,,,FALSE,,,,,,,,,,,,FALSE,,
FALSE,,,,,,,,,,,,,,,,,,,,,FALSE,,,,,,,,,,,,FALSE,,
FALSE,,,,,,,,,,,,,,,,,,,,,FALSE,,,,,,,,,,,,FALSE,,
FALSE,,,,,,,,,,,,,,,,,,,,,FALSE,,,,,,,,,,,,FALSE,,
FALSE,,,,,,,,,,,,,,,,,,,,,FALSE,,,,,,,,,,,,FALSE,,
FALSE,,,,,,,,,,,,,,,,,,,,,FALSE,,,,,,,,,,,,FALSE,,
FALSE,,,,,,,,,,,,,,,,,,,,,FALSE,,,,,,,,,,,,FALSE,,
FALSE,,,,,,,,,,,,,,,,,,,,,FALSE,,,,,,,,,,,,FALSE,,
FALSE,,,,,,,,,,,,,,,,,,,,,FALSE,,,,,,,,,,,,FALSE,,
FALSE,,,,,,,,,,,,,,,,,,,,,FALSE,,,,,,,,,,,,FALSE,,
FALSE,,,,,,,,,,,,,,,,,,,,,FALSE,,,,,,,,,,,,FALSE,,
FALSE,,,,,,,,,,,,,,,,,,,,,FALSE,,,,,,,,,,,,FALSE,,
FALSE,,,,,,,,,,,,,,,,,,,,,FALSE,,,,,,,,,,,,FALSE,,
FALSE,,,,,,,,,,,,,,,,,,,,,FALSE,,,,,,,,,,,,FALSE,,
FALSE,,,,,,,,,,,,,,,,,,,,,FALSE,,,,,,,,,,,,FALSE,,
FALSE,,,,,,,,,,,,,,,,,,,,,FALSE,,,,,,,,,,,,FALSE,,
FALSE,,,,,,,,,,,,,,,,,,,,,FALSE,,,,,,,,,,,,FALSE,,
FALSE,,,,,,,,,,,,,,,,,,,,,FALSE,,,,,,,,,,,,FALSE,,
FALSE,,,,,,,,,,,,,,,,,,,,,FALSE,,,,,,,,,,,,FALSE,,
FALSE,,,,,,,,,,,,,,,,,,,,,FALSE,,,,,,,,,,,,FALSE,,
FALSE,,,,,,,,,,,,,,,,,,,,,FALSE,,,,,,,,,,,,FALSE,,
FALSE,,,,,,,,,,,,,,,,,,,,,FALSE,,,,,,,,,,,,FALSE,,
FALSE,,,,,,,,,,,,,,,,,,,,,FALSE,,,,,,,,,,,,FALSE,,
FALSE,,,,,,,,,,,,,,,,,,,,,FALSE,,,,,,,,,,,,FALSE,,
FALSE,,,,,,,,,,,,,,,,,,,,,FALSE,,,,,,,,,,,,FALSE,,
FALSE,,,,,,,,,,,,,,,,,,,,,FALSE,,,,,,,,,,,,FALSE,,
FALSE,,,,,,,,,,,,,,,,,,,,,FALSE,,,,,,,,,,,,FALSE,,
FALSE,,,,,,,,,,,,,,,,,,,,,FALSE,,,,,,,,,,,,FALSE,,
FALSE,,,,,,,,,,,,,,,,,,,,,FALSE,,,,,,,,,,,,FALSE,,
FALSE,,,,,,,,,,,,,,,,,,,,,FALSE,,,,,,,,,,,,FALSE,,
FALSE,,,,,,,,,,,,,,,,,,,,,FALSE,,,,,,,,,,,,FALSE,,
FALSE,,,,,,,,,,,,,,,,,,,,,FALSE,,,,,,,,,,,,FALSE,,
FALSE,,,,,,,,,,,,,,,,,,,,,FALSE,,,,,,,,,,,,FALSE,,
FALSE,,,,,,,,,,,,,,,,,,,,,FALSE,,,,,,,,,,,,FALSE,,
FALSE,,,,,,,,,,,,,,,,,,,,,FALSE,,,,,,,,,,,,FALSE,,
FALSE,,,,,,,,,,,,,,,,,,,,,FALSE,,,,,,,,,,,,FALSE,,
FALSE,,,,,,,,,,,,,,,,,,,,,FALSE,,,,,,,,,,,,FALSE,,
FALSE,,,,,,,,,,,,,,,,,,,,,FALSE,,,,,,,,,,,,FALSE,,
FALSE,,,,,,,,,,,,,,,,,,,,,FALSE,,,,,,,,,,,,FALSE,,
FALSE,,,,,,,,,,,,,,,,,,,,,FALSE,,,,,,,,,,,,FALSE,,
FALSE,,,,,,,,,,,,,,,,,,,,,FALSE,,,,,,,,,,,,FALSE,,
FALSE,,,,,,,,,,,,,,,,,,,,,FALSE,,,,,,,,,,,,FALSE,,
FALSE,,,,,,,,,,,,,,,,,,,,,FALSE,,,,,,,,,,,,FALSE,,
FALSE,,,,,,,,,,,,,,,,,,,,,FALSE,,,,,,,,,,,,FALSE,,
FALSE,,,,,,,,,,,,,,,,,,,,,FALSE,,,,,,,,,,,,FALSE,,
FALSE,,,,,,,,,,,,,,,,,,,,,FALSE,,,,,,,,,,,,FALSE,,
FALSE,,,,,,,,,,,,,,,,,,,,,FALSE,,,,,,,,,,,,FALSE,,
FALSE,,,,,,,,,,,,,,,,,,,,,FALSE,,,,,,,,,,,,FALSE,,
FALSE,,,,,,,,,,,,,,,,,,,,,FALSE,,,,,,,,,,,,FALSE,,
FALSE,,,,,,,,,,,,,,,,,,,,,FALSE,,,,,,,,,,,,FALSE,,
FALSE,,,,,,,,,,,,,,,,,,,,,FALSE,,,,,,,,,,,,FALSE,,
FALSE,,,,,,,,,,,,,,,,,,,,,FALSE,,,,,,,,,,,,FALSE,,
FALSE,,,,,,,,,,,,,,,,,,,,,FALSE,,,,,,,,,,,,FALSE,,
FALSE,,,,,,,,,,,,,,,,,,,,,FALSE,,,,,,,,,,,,FALSE,,
FALSE,,,,,,,,,,,,,,,,,,,,,FALSE,,,,,,,,,,,,FALSE,,
FALSE,,,,,,,,,,,,,,,,,,,,,FALSE,,,,,,,,,,,,FALSE,,
FALSE,,,,,,,,,,,,,,,,,,,,,FALSE,,,,,,,,,,,,FALSE,,
FALSE,,,,,,,,,,,,,,,,,,,,,FALSE,,,,,,,,,,,,FALSE,,
FALSE,,,,,,,,,,,,,,,,,,,,,FALSE,,,,,,,,,,,,FALSE,,
FALSE,,,,,,,,,,,,,,,,,,,,,FALSE,,,,,,,,,,,,FALSE,,
FALSE,,,,,,,,,,,,,,,,,,,,,FALSE,,,,,,,,,,,,FALSE,,
FALSE,,,,,,,,,,,,,,,,,,,,,FALSE,,,,,,,,,,,,FALSE,,
FALSE,,,,,,,,,,,,,,,,,,,,,FALSE,,,,,,,,,,,,FALSE,,
FALSE,,,,,,,,,,,,,,,,,,,,,FALSE,,,,,,,,,,,,FALSE,,
FALSE,,,,,,,,,,,,,,,,,,,,,FALSE,,,,,,,,,,,,FALSE,,
FALSE,,,,,,,,,,,,,,,,,,,,,FALSE,,,,,,,,,,,,FALSE,,
FALSE,,,,,,,,,,,,,,,,,,,,,FALSE,,,,,,,,,,,,FALSE,,
FALSE,,,,,,,,,,,,,,,,,,,,,FALSE,,,,,,,,,,,,FALSE,,
FALSE,,,,,,,,,,,,,,,,,,,,,FALSE,,,,,,,,,,,,FALSE,,
FALSE,,,,,,,,,,,,,,,,,,,,,FALSE,,,,,,,,,,,,FALSE,,
FALSE,,,,,,,,,,,,,,,,,,,,,FALSE,,,,,,,,,,,,FALSE,,
FALSE,,,,,,,,,,,,,,,,,,,,,FALSE,,,,,,,,,,,,FALSE,,
FALSE,,,,,,,,,,,,,,,,,,,,,FALSE,,,,,,,,,,,,FALSE,,
FALSE,,,,,,,,,,,,,,,,,,,,,FALSE,,,,,,,,,,,,FALSE,,
FALSE,,,,,,,,,,,,,,,,,,,,,FALSE,,,,,,,,,,,,FALSE,,
FALSE,,,,,,,,,,,,,,,,,,,,,FALSE,,,,,,,,,,,,FALSE,,
FALSE,,,,,,,,,,,,,,,,,,,,,FALSE,,,,,,,,,,,,FALSE,,
FALSE,,,,,,,,,,,,,,,,,,,,,FALSE,,,,,,,,,,,,FALSE,,
FALSE,,,,,,,,,,,,,,,,,,,,,FALSE,,,,,,,,,,,,FALSE,,
FALSE,,,,,,,,,,,,,,,,,,,,,FALSE,,,,,,,,,,,,FALSE,,
FALSE,,,,,,,,,,,,,,,,,,,,,FALSE,,,,,,,,,,,,FALSE,,
FALSE,,,,,,,,,,,,,,,,,,,,,FALSE,,,,,,,,,,,,FALSE,,
FALSE,,,,,,,,,,,,,,,,,,,,,FALSE,,,,,,,,,,,,FALSE,,
FALSE,,,,,,,,,,,,,,,,,,,,,FALSE,,,,,,,,,,,,FALSE,,
FALSE,,,,,,,,,,,,,,,,,,,,,FALSE,,,,,,,,,,,,FALSE,,
FALSE,,,,,,,,,,,,,,,,,,,,,FALSE,,,,,,,,,,,,FALSE,,
FALSE,,,,,,,,,,,,,,,,,,,,,FALSE,,,,,,,,,,,,FALSE,,
FALSE,,,,,,,,,,,,,,,,,,,,,FALSE,,,,,,,,,,,,FALSE,,
FALSE,,,,,,,,,,,,,,,,,,,,,FALSE,,,,,,,,,,,,FALSE,,
FALSE,,,,,,,,,,,,,,,,,,,,,FALSE,,,,,,,,,,,,FALSE,,
FALSE,,,,,,,,,,,,,,,,,,,,,FALSE,,,,,,,,,,,,FALSE,,
FALSE,,,,,,,,,,,,,,,,,,,,,FALSE,,,,,,,,,,,,FALSE,,
FALSE,,,,,,,,,,,,,,,,,,,,,FALSE,,,,,,,,,,,,FALSE,,
FALSE,,,,,,,,,,,,,,,,,,,,,FALSE,,,,,,,,,,,,FALSE,,
FALSE,,,,,,,,,,,,,,,,,,,,,FALSE,,,,,,,,,,,,FALSE,,
FALSE,,,,,,,,,,,,,,,,,,,,,FALSE,,,,,,,,,,,,FALSE,,
FALSE,,,,,,,,,,,,,,,,,,,,,FALSE,,,,,,,,,,,,FALSE,,
FALSE,,,,,,,,,,,,,,,,,,,,,FALSE,,,,,,,,,,,,FALSE,,
FALSE,,,,,,,,,,,,,,,,,,,,,FALSE,,,,,,,,,,,,FALSE,,
FALSE,,,,,,,,,,,,,,,,,,,,,FALSE,,,,,,,,,,,,FALSE,,
FALSE,,,,,,,,,,,,,,,,,,,,,FALSE,,,,,,,,,,,,FALSE,,
FALSE,,,,,,,,,,,,,,,,,,,,,FALSE,,,,,,,,,,,,FALSE,,
FALSE,,,,,,,,,,,,,,,,,,,,,FALSE,,,,,,,,,,,,FALSE,,
FALSE,,,,,,,,,,,,,,,,,,,,,FALSE,,,,,,,,,,,,FALSE,,
FALSE,,,,,,,,,,,,,,,,,,,,,FALSE,,,,,,,,,,,,FALSE,,
FALSE,,,,,,,,,,,,,,,,,,,,,FALSE,,,,,,,,,,,,FALSE,,
FALSE,,,,,,,,,,,,,,,,,,,,,FALSE,,,,,,,,,,,,FALSE,,
FALSE,,,,,,,,,,,,,,,,,,,,,FALSE,,,,,,,,,,,,FALSE,,
FALSE,,,,,,,,,,,,,,,,,,,,,FALSE,,,,,,,,,,,,FALSE,,
FALSE,,,,,,,,,,,,,,,,,,,,,FALSE,,,,,,,,,,,,FALSE,,
FALSE,,,,,,,,,,,,,,,,,,,,,FALSE,,,,,,,,,,,,FALSE,,
FALSE,,,,,,,,,,,,,,,,,,,,,FALSE,,,,,,,,,,,,FALSE,,
FALSE,,,,,,,,,,,,,,,,,,,,,FALSE,,,,,,,,,,,,FALSE,,
FALSE,,,,,,,,,,,,,,,,,,,,,FALSE,,,,,,,,,,,,FALSE,,
FALSE,,,,,,,,,,,,,,,,,,,,,FALSE,,,,,,,,,,,,FALSE,,
FALSE,,,,,,,,,,,,,,,,,,,,,FALSE,,,,,,,,,,,,FALSE,,
FALSE,,,,,,,,,,,,,,,,,,,,,FALSE,,,,,,,,,,,,FALSE,,
FALSE,,,,,,,,,,,,,,,,,,,,,FALSE,,,,,,,,,,,,FALSE,,
FALSE,,,,,,,,,,,,,,,,,,,,,FALSE,,,,,,,,,,,,FALSE,,
FALSE,,,,,,,,,,,,,,,,,,,,,FALSE,,,,,,,,,,,,FALSE,,
FALSE,,,,,,,,,,,,,,,,,,,,,FALSE,,,,,,,,,,,,FALSE,,
FALSE,,,,,,,,,,,,,,,,,,,,,FALSE,,,,,,,,,,,,FALSE,,
FALSE,,,,,,,,,,,,,,,,,,,,,FALSE,,,,,,,,,,,,FALSE,,
FALSE,,,,,,,,,,,,,,,,,,,,,FALSE,,,,,,,,,,,,FALSE,,
FALSE,,,,,,,,,,,,,,,,,,,,,FALSE,,,,,,,,,,,,FALSE,,
FALSE,,,,,,,,,,,,,,,,,,,,,FALSE,,,,,,,,,,,,FALSE,,
FALSE,,,,,,,,,,,,,,,,,,,,,FALSE,,,,,,,,,,,,FALSE,,
FALSE,,,,,,,,,,,,,,,,,,,,,FALSE,,,,,,,,,,,,FALSE,,
FALSE,,,,,,,,,,,,,,,,,,,,,FALSE,,,,,,,,,,,,FALSE,,
FALSE,,,,,,,,,,,,,,,,,,,,,FALSE,,,,,,,,,,,,FALSE,,
FALSE,,,,,,,,,,,,,,,,,,,,,FALSE,,,,,,,,,,,,FALSE,,
FALSE,,,,,,,,,,,,,,,,,,,,,FALSE,,,,,,,,,,,,FALSE,,
FALSE,,,,,,,,,,,,,,,,,,,,,FALSE,,,,,,,,,,,,FALSE,,
FALSE,,,,,,,,,,,,,,,,,,,,,FALSE,,,,,,,,,,,,FALSE,,
FALSE,,,,,,,,,,,,,,,,,,,,,FALSE,,,,,,,,,,,,FALSE,,
FALSE,,,,,,,,,,,,,,,,,,,,,FALSE,,,,,,,,,,,,FALSE,,
FALSE,,,,,,,,,,,,,,,,,,,,,FALSE,,,,,,,,,,,,FALSE,,
FALSE,,,,,,,,,,,,,,,,,,,,,FALSE,,,,,,,,,,,,FALSE,,
FALSE,,,,,,,,,,,,,,,,,,,,,FALSE,,,,,,,,,,,,FALSE,,
FALSE,,,,,,,,,,,,,,,,,,,,,FALSE,,,,,,,,,,,,FALSE,,
FALSE,,,,,,,,,,,,,,,,,,,,,FALSE,,,,,,,,,,,,FALSE,,
FALSE,,,,,,,,,,,,,,,,,,,,,FALSE,,,,,,,,,,,,FALSE,,
FALSE,,,,,,,,,,,,,,,,,,,,,FALSE,,,,,,,,,,,,FALSE,,
FALSE,,,,,,,,,,,,,,,,,,,,,FALSE,,,,,,,,,,,,FALSE,,
FALSE,,,,,,,,,,,,,,,,,,,,,FALSE,,,,,,,,,,,,FALSE,,
FALSE,,,,,,,,,,,,,,,,,,,,,FALSE,,,,,,,,,,,,FALSE,,
FALSE,,,,,,,,,,,,,,,,,,,,,FALSE,,,,,,,,,,,,FALSE,,
FALSE,,,,,,,,,,,,,,,,,,,,,FALSE,,,,,,,,,,,,FALSE,,
FALSE,,,,,,,,,,,,,,,,,,,,,FALSE,,,,,,,,,,,,FALSE,,
FALSE,,,,,,,,,,,,,,,,,,,,,FALSE,,,,,,,,,,,,FALSE,,
FALSE,,,,,,,,,,,,,,,,,,,,,FALSE,,,,,,,,,,,,FALSE,,
FALSE,,,,,,,,,,,,,,,,,,,,,FALSE,,,,,,,,,,,,FALSE,,
FALSE,,,,,,,,,,,,,,,,,,,,,FALSE,,,,,,,,,,,,FALSE,,
FALSE,,,,,,,,,,,,,,,,,,,,,FALSE,,,,,,,,,,,,FALSE,,
FALSE,,,,,,,,,,,,,,,,,,,,,FALSE,,,,,,,,,,,,FALSE,,
FALSE,,,,,,,,,,,,,,,,,,,,,FALSE,,,,,,,,,,,,FALSE,,
FALSE,,,,,,,,,,,,,,,,,,,,,FALSE,,,,,,,,,,,,FALSE,,
FALSE,,,,,,,,,,,,,,,,,,,,,FALSE,,,,,,,,,,,,FALSE,,
FALSE,,,,,,,,,,,,,,,,,,,,,FALSE,,,,,,,,,,,,FALSE,,
FALSE,,,,,,,,,,,,,,,,,,,,,FALSE,,,,,,,,,,,,FALSE,,
FALSE,,,,,,,,,,,,,,,,,,,,,FALSE,,,,,,,,,,,,FALSE,,
FALSE,,,,,,,,,,,,,,,,,,,,,FALSE,,,,,,,,,,,,FALSE,,
FALSE,,,,,,,,,,,,,,,,,,,,,FALSE,,,,,,,,,,,,FALSE,,
FALSE,,,,,,,,,,,,,,,,,,,,,FALSE,,,,,,,,,,,,FALSE,,
FALSE,,,,,,,,,,,,,,,,,,,,,FALSE,,,,,,,,,,,,FALSE,,
FALSE,,,,,,,,,,,,,,,,,,,,,FALSE,,,,,,,,,,,,FALSE,,
FALSE,,,,,,,,,,,,,,,,,,,,,FALSE,,,,,,,,,,,,FALSE,,
FALSE,,,,,,,,,,,,,,,,,,,,,FALSE,,,,,,,,,,,,FALSE,,
FALSE,,,,,,,,,,,,,,,,,,,,,FALSE,,,,,,,,,,,,FALSE,,
FALSE,,,,,,,,,,,,,,,,,,,,,FALSE,,,,,,,,,,,,FALSE,,
FALSE,,,,,,,,,,,,,,,,,,,,,FALSE,,,,,,,,,,,,FALSE,,
FALSE,,,,,,,,,,,,,,,,,,,,,FALSE,,,,,,,,,,,,FALSE,,
FALSE,,,,,,,,,,,,,,,,,,,,,FALSE,,,,,,,,,,,,FALSE,,
FALSE,,,,,,,,,,,,,,,,,,,,,FALSE,,,,,,,,,,,,FALSE,,
FALSE,,,,,,,,,,,,,,,,,,,,,FALSE,,,,,,,,,,,,FALSE,,
FALSE,,,,,,,,,,,,,,,,,,,,,FALSE,,,,,,,,,,,,FALSE,,
FALSE,,,,,,,,,,,,,,,,,,,,,FALSE,,,,,,,,,,,,FALSE,,
FALSE,,,,,,,,,,,,,,,,,,,,,FALSE,,,,,,,,,,,,FALSE,,
FALSE,,,,,,,,,,,,,,,,,,,,,FALSE,,,,,,,,,,,,FALSE,,
FALSE,,,,,,,,,,,,,,,,,,,,,FALSE,,,,,,,,,,,,FALSE,,
FALSE,,,,,,,,,,,,,,,,,,,,,FALSE,,,,,,,,,,,,FALSE,,
FALSE,,,,,,,,,,,,,,,,,,,,,FALSE,,,,,,,,,,,,FALSE,,
FALSE,,,,,,,,,,,,,,,,,,,,,FALSE,,,,,,,,,,,,FALSE,,
FALSE,,,,,,,,,,,,,,,,,,,,,FALSE,,,,,,,,,,,,FALSE,,
FALSE,,,,,,,,,,,,,,,,,,,,,FALSE,,,,,,,,,,,,FALSE,,
FALSE,,,,,,,,,,,,,,,,,,,,,FALSE,,,,,,,,,,,,FALSE,,
FALSE,,,,,,,,,,,,,,,,,,,,,FALSE,,,,,,,,,,,,FALSE,,
FALSE,,,,,,,,,,,,,,,,,,,,,FALSE,,,,,,,,,,,,FALSE,,
FALSE,,,,,,,,,,,,,,,,,,,,,FALSE,,,,,,,,,,,,FALSE,,
FALSE,,,,,,,,,,,,,,,,,,,,,FALSE,,,,,,,,,,,,FALSE,,
FALSE,,,,,,,,,,,,,,,,,,,,,FALSE,,,,,,,,,,,,FALSE,,
FALSE,,,,,,,,,,,,,,,,,,,,,FALSE,,,,,,,,,,,,FALSE,,
FALSE,,,,,,,,,,,,,,,,,,,,,FALSE,,,,,,,,,,,,FALSE,,
FALSE,,,,,,,,,,,,,,,,,,,,,FALSE,,,,,,,,,,,,FALSE,,
FALSE,,,,,,,,,,,,,,,,,,,,,FALSE,,,,,,,,,,,,FALSE,,
FALSE,,,,,,,,,,,,,,,,,,,,,FALSE,,,,,,,,,,,,FALSE,,
FALSE,,,,,,,,,,,,,,,,,,,,,FALSE,,,,,,,,,,,,FALSE,,
FALSE,,,,,,,,,,,,,,,,,,,,,FALSE,,,,,,,,,,,,FALSE,,
FALSE,,,,,,,,,,,,,,,,,,,,,FALSE,,,,,,,,,,,,FALSE,,
FALSE,,,,,,,,,,,,,,,,,,,,,FALSE,,,,,,,,,,,,FALSE,,
FALSE,,,,,,,,,,,,,,,,,,,,,FALSE,,,,,,,,,,,,FALSE,,
FALSE,,,,,,,,,,,,,,,,,,,,,FALSE,,,,,,,,,,,,FALSE,,
FALSE,,,,,,,,,,,,,,,,,,,,,FALSE,,,,,,,,,,,,FALSE,,
FALSE,,,,,,,,,,,,,,,,,,,,,FALSE,,,,,,,,,,,,FALSE,,
FALSE,,,,,,,,,,,,,,,,,,,,,FALSE,,,,,,,,,,,,FALSE,,
FALSE,,,,,,,,,,,,,,,,,,,,,FALSE,,,,,,,,,,,,FALSE,,
FALSE,,,,,,,,,,,,,,,,,,,,,FALSE,,,,,,,,,,,,FALSE,,
FALSE,,,,,,,,,,,,,,,,,,,,,FALSE,,,,,,,,,,,,FALSE,,
FALSE,,,,,,,,,,,,,,,,,,,,,FALSE,,,,,,,,,,,,FALSE,,
FALSE,,,,,,,,,,,,,,,,,,,,,FALSE,,,,,,,,,,,,FALSE,,
FALSE,,,,,,,,,,,,,,,,,,,,,FALSE,,,,,,,,,,,,FALSE,,
FALSE,,,,,,,,,,,,,,,,,,,,,FALSE,,,,,,,,,,,,FALSE,,
FALSE,,,,,,,,,,,,,,,,,,,,,FALSE,,,,,,,,,,,,FALSE,,
FALSE,,,,,,,,,,,,,,,,,,,,,FALSE,,,,,,,,,,,,FALSE,,
FALSE,,,,,,,,,,,,,,,,,,,,,FALSE,,,,,,,,,,,,FALSE,,
FALSE,,,,,,,,,,,,,,,,,,,,,FALSE,,,,,,,,,,,,FALSE,,
FALSE,,,,,,,,,,,,,,,,,,,,,FALSE,,,,,,,,,,,,FALSE,,
FALSE,,,,,,,,,,,,,,,,,,,,,FALSE,,,,,,,,,,,,FALSE,,
FALSE,,,,,,,,,,,,,,,,,,,,,FALSE,,,,,,,,,,,,FALSE,,
FALSE,,,,,,,,,,,,,,,,,,,,,FALSE,,,,,,,,,,,,FALSE,,
FALSE,,,,,,,,,,,,,,,,,,,,,FALSE,,,,,,,,,,,,FALSE,,
FALSE,,,,,,,,,,,,,,,,,,,,,FALSE,,,,,,,,,,,,FALSE,,
FALSE,,,,,,,,,,,,,,,,,,,,,FALSE,,,,,,,,,,,,FALSE,,
FALSE,,,,,,,,,,,,,,,,,,,,,FALSE,,,,,,,,,,,,FALSE,,
FALSE,,,,,,,,,,,,,,,,,,,,,FALSE,,,,,,,,,,,,FALSE,,
FALSE,,,,,,,,,,,,,,,,,,,,,FALSE,,,,,,,,,,,,FALSE,,
FALSE,,,,,,,,,,,,,,,,,,,,,FALSE,,,,,,,,,,,,FALSE,,
FALSE,,,,,,,,,,,,,,,,,,,,,FALSE,,,,,,,,,,,,FALSE,,
FALSE,,,,,,,,,,,,,,,,,,,,,FALSE,,,,,,,,,,,,FALSE,,
FALSE,,,,,,,,,,,,,,,,,,,,,FALSE,,,,,,,,,,,,FALSE,,
FALSE,,,,,,,,,,,,,,,,,,,,,FALSE,,,,,,,,,,,,FALSE,,
FALSE,,,,,,,,,,,,,,,,,,,,,FALSE,,,,,,,,,,,,FALSE,,
FALSE,,,,,,,,,,,,,,,,,,,,,FALSE,,,,,,,,,,,,FALSE,,
FALSE,,,,,,,,,,,,,,,,,,,,,FALSE,,,,,,,,,,,,FALSE,,
FALSE,,,,,,,,,,,,,,,,,,,,,FALSE,,,,,,,,,,,,FALSE,,
FALSE,,,,,,,,,,,,,,,,,,,,,FALSE,,,,,,,,,,,,FALSE,,
FALSE,,,,,,,,,,,,,,,,,,,,,FALSE,,,,,,,,,,,,FALSE,,
FALSE,,,,,,,,,,,,,,,,,,,,,FALSE,,,,,,,,,,,,FALSE,,
FALSE,,,,,,,,,,,,,,,,,,,,,FALSE,,,,,,,,,,,,FALSE,,
FALSE,,,,,,,,,,,,,,,,,,,,,FALSE,,,,,,,,,,,,FALSE,,
FALSE,,,,,,,,,,,,,,,,,,,,,FALSE,,,,,,,,,,,,FALSE,,
FALSE,,,,,,,,,,,,,,,,,,,,,FALSE,,,,,,,,,,,,FALSE,,
FALSE,,,,,,,,,,,,,,,,,,,,,FALSE,,,,,,,,,,,,FALSE,,
FALSE,,,,,,,,,,,,,,,,,,,,,FALSE,,,,,,,,,,,,FALSE,,
FALSE,,,,,,,,,,,,,,,,,,,,,FALSE,,,,,,,,,,,,FALSE,,
FALSE,,,,,,,,,,,,,,,,,,,,,FALSE,,,,,,,,,,,,FALSE,,
FALSE,,,,,,,,,,,,,,,,,,,,,FALSE,,,,,,,,,,,,FALSE,,
FALSE,,,,,,,,,,,,,,,,,,,,,FALSE,,,,,,,,,,,,FALSE,,
FALSE,,,,,,,,,,,,,,,,,,,,,FALSE,,,,,,,,,,,,FALSE,,
FALSE,,,,,,,,,,,,,,,,,,,,,FALSE,,,,,,,,,,,,FALSE,,
FALSE,,,,,,,,,,,,,,,,,,,,,FALSE,,,,,,,,,,,,FALSE,,
FALSE,,,,,,,,,,,,,,,,,,,,,FALSE,,,,,,,,,,,,FALSE,,
FALSE,,,,,,,,,,,,,,,,,,,,,FALSE,,,,,,,,,,,,FALSE,,
FALSE,,,,,,,,,,,,,,,,,,,,,FALSE,,,,,,,,,,,,FALSE,,
FALSE,,,,,,,,,,,,,,,,,,,,,FALSE,,,,,,,,,,,,FALSE,,
FALSE,,,,,,,,,,,,,,,,,,,,,FALSE,,,,,,,,,,,,FALSE,,
FALSE,,,,,,,,,,,,,,,,,,,,,FALSE,,,,,,,,,,,,FALSE,,
FALSE,,,,,,,,,,,,,,,,,,,,,FALSE,,,,,,,,,,,,FALSE,,
FALSE,,,,,,,,,,,,,,,,,,,,,FALSE,,,,,,,,,,,,FALSE,,
FALSE,,,,,,,,,,,,,,,,,,,,,FALSE,,,,,,,,,,,,FALSE,,
FALSE,,,,,,,,,,,,,,,,,,,,,FALSE,,,,,,,,,,,,FALSE,,
FALSE,,,,,,,,,,,,,,,,,,,,,FALSE,,,,,,,,,,,,FALSE,,
FALSE,,,,,,,,,,,,,,,,,,,,,FALSE,,,,,,,,,,,,FALSE,,
FALSE,,,,,,,,,,,,,,,,,,,,,FALSE,,,,,,,,,,,,FALSE,,
FALSE,,,,,,,,,,,,,,,,,,,,,FALSE,,,,,,,,,,,,FALSE,,
FALSE,,,,,,,,,,,,,,,,,,,,,FALSE,,,,,,,,,,,,FALSE,,
FALSE,,,,,,,,,,,,,,,,,,,,,FALSE,,,,,,,,,,,,FALSE,,
FALSE,,,,,,,,,,,,,,,,,,,,,FALSE,,,,,,,,,,,,FALSE,,
FALSE,,,,,,,,,,,,,,,,,,,,,FALSE,,,,,,,,,,,,FALSE,,
FALSE,,,,,,,,,,,,,,,,,,,,,FALSE,,,,,,,,,,,,FALSE,,
FALSE,,,,,,,,,,,,,,,,,,,,,FALSE,,,,,,,,,,,,FALSE,,
FALSE,,,,,,,,,,,,,,,,,,,,,FALSE,,,,,,,,,,,,FALSE,,
FALSE,,,,,,,,,,,,,,,,,,,,,FALSE,,,,,,,,,,,,FALSE,,
FALSE,,,,,,,,,,,,,,,,,,,,,FALSE,,,,,,,,,,,,FALSE,,
FALSE,,,,,,,,,,,,,,,,,,,,,FALSE,,,,,,,,,,,,FALSE,,
FALSE,,,,,,,,,,,,,,,,,,,,,FALSE,,,,,,,,,,,,FALSE,,
FALSE,,,,,,,,,,,,,,,,,,,,,FALSE,,,,,,,,,,,,FALSE,,
FALSE,,,,,,,,,,,,,,,,,,,,,FALSE,,,,,,,,,,,,FALSE,,
FALSE,,,,,,,,,,,,,,,,,,,,,FALSE,,,,,,,,,,,,FALSE,,
FALSE,,,,,,,,,,,,,,,,,,,,,FALSE,,,,,,,,,,,,FALSE,,
FALSE,,,,,,,,,,,,,,,,,,,,,FALSE,,,,,,,,,,,,FALSE,,
FALSE,,,,,,,,,,,,,,,,,,,,,FALSE,,,,,,,,,,,,FALSE,,
FALSE,,,,,,,,,,,,,,,,,,,,,FALSE,,,,,,,,,,,,FALSE,,
FALSE,,,,,,,,,,,,,,,,,,,,,FALSE,,,,,,,,,,,,FALSE,,
FALSE,,,,,,,,,,,,,,,,,,,,,FALSE,,,,,,,,,,,,FALSE,,
FALSE,,,,,,,,,,,,,,,,,,,,,FALSE,,,,,,,,,,,,FALSE,,
FALSE,,,,,,,,,,,,,,,,,,,,,FALSE,,,,,,,,,,,,FALSE,,
FALSE,,,,,,,,,,,,,,,,,,,,,FALSE,,,,,,,,,,,,FALSE,,
FALSE,,,,,,,,,,,,,,,,,,,,,FALSE,,,,,,,,,,,,FALSE,,
FALSE,,,,,,,,,,,,,,,,,,,,,FALSE,,,,,,,,,,,,FALSE,,
FALSE,,,,,,,,,,,,,,,,,,,,,FALSE,,,,,,,,,,,,FALSE,,
FALSE,,,,,,,,,,,,,,,,,,,,,FALSE,,,,,,,,,,,,FALSE,,
FALSE,,,,,,,,,,,,,,,,,,,,,FALSE,,,,,,,,,,,,FALSE,,
FALSE,,,,,,,,,,,,,,,,,,,,,FALSE,,,,,,,,,,,,FALSE,,
FALSE,,,,,,,,,,,,,,,,,,,,,FALSE,,,,,,,,,,,,FALSE,,
FALSE,,,,,,,,,,,,,,,,,,,,,FALSE,,,,,,,,,,,,FALSE,,
FALSE,,,,,,,,,,,,,,,,,,,,,FALSE,,,,,,,,,,,,FALSE,,
FALSE,,,,,,,,,,,,,,,,,,,,,FALSE,,,,,,,,,,,,FALSE,,
FALSE,,,,,,,,,,,,,,,,,,,,,FALSE,,,,,,,,,,,,FALSE,,
FALSE,,,,,,,,,,,,,,,,,,,,,FALSE,,,,,,,,,,,,FALSE,,
FALSE,,,,,,,,,,,,,,,,,,,,,FALSE,,,,,,,,,,,,FALSE,,
FALSE,,,,,,,,,,,,,,,,,,,,,FALSE,,,,,,,,,,,,FALSE,,
FALSE,,,,,,,,,,,,,,,,,,,,,FALSE,,,,,,,,,,,,FALSE,,
FALSE,,,,,,,,,,,,,,,,,,,,,FALSE,,,,,,,,,,,,FALSE,,
FALSE,,,,,,,,,,,,,,,,,,,,,FALSE,,,,,,,,,,,,FALSE,,
FALSE,,,,,,,,,,,,,,,,,,,,,FALSE,,,,,,,,,,,,FALSE,,
FALSE,,,,,,,,,,,,,,,,,,,,,FALSE,,,,,,,,,,,,FALSE,,
FALSE,,,,,,,,,,,,,,,,,,,,,FALSE,,,,,,,,,,,,FALSE,,
FALSE,,,,,,,,,,,,,,,,,,,,,FALSE,,,,,,,,,,,,FALSE,,
FALSE,,,,,,,,,,,,,,,,,,,,,FALSE,,,,,,,,,,,,FALSE,,
FALSE,,,,,,,,,,,,,,,,,,,,,FALSE,,,,,,,,,,,,FALSE,,
FALSE,,,,,,,,,,,,,,,,,,,,,FALSE,,,,,,,,,,,,FALSE,,
FALSE,,,,,,,,,,,,,,,,,,,,,FALSE,,,,,,,,,,,,FALSE,,
FALSE,,,,,,,,,,,,,,,,,,,,,FALSE,,,,,,,,,,,,FALSE,,
FALSE,,,,,,,,,,,,,,,,,,,,,FALSE,,,,,,,,,,,,FALSE,,
FALSE,,,,,,,,,,,,,,,,,,,,,FALSE,,,,,,,,,,,,FALSE,,
FALSE,,,,,,,,,,,,,,,,,,,,,FALSE,,,,,,,,,,,,FALSE,,
FALSE,,,,,,,,,,,,,,,,,,,,,FALSE,,,,,,,,,,,,FALSE,,
FALSE,,,,,,,,,,,,,,,,,,,,,FALSE,,,,,,,,,,,,FALSE,,
FALSE,,,,,,,,,,,,,,,,,,,,,FALSE,,,,,,,,,,,,FALSE,,
FALSE,,,,,,,,,,,,,,,,,,,,,FALSE,,,,,,,,,,,,FALSE,,
FALSE,,,,,,,,,,,,,,,,,,,,,FALSE,,,,,,,,,,,,FALSE,,
FALSE,,,,,,,,,,,,,,,,,,,,,FALSE,,,,,,,,,,,,FALSE,,
FALSE,,,,,,,,,,,,,,,,,,,,,FALSE,,,,,,,,,,,,FALSE,,
FALSE,,,,,,,,,,,,,,,,,,,,,FALSE,,,,,,,,,,,,FALSE,,
FALSE,,,,,,,,,,,,,,,,,,,,,FALSE,,,,,,,,,,,,FALSE,,
FALSE,,,,,,,,,,,,,,,,,,,,,FALSE,,,,,,,,,,,,FALSE,,
FALSE,,,,,,,,,,,,,,,,,,,,,FALSE,,,,,,,,,,,,FALSE,,
FALSE,,,,,,,,,,,,,,,,,,,,,FALSE,,,,,,,,,,,,FALSE,,
FALSE,,,,,,,,,,,,,,,,,,,,,FALSE,,,,,,,,,,,,FALSE,,
FALSE,,,,,,,,,,,,,,,,,,,,,FALSE,,,,,,,,,,,,FALSE,,
FALSE,,,,,,,,,,,,,,,,,,,,,FALSE,,,,,,,,,,,,FALSE,,
FALSE,,,,,,,,,,,,,,,,,,,,,FALSE,,,,,,,,,,,,FALSE,,
FALSE,,,,,,,,,,,,,,,,,,,,,FALSE,,,,,,,,,,,,FALSE,,
FALSE,,,,,,,,,,,,,,,,,,,,,FALSE,,,,,,,,,,,,FALSE,,
FALSE,,,,,,,,,,,,,,,,,,,,,FALSE,,,,,,,,,,,,FALSE,,
FALSE,,,,,,,,,,,,,,,,,,,,,FALSE,,,,,,,,,,,,FALSE,,
FALSE,,,,,,,,,,,,,,,,,,,,,FALSE,,,,,,,,,,,,FALSE,,
FALSE,,,,,,,,,,,,,,,,,,,,,FALSE,,,,,,,,,,,,FALSE,,
FALSE,,,,,,,,,,,,,,,,,,,,,FALSE,,,,,,,,,,,,FALSE,,
FALSE,,,,,,,,,,,,,,,,,,,,,FALSE,,,,,,,,,,,,FALSE,,
FALSE,,,,,,,,,,,,,,,,,,,,,FALSE,,,,,,,,,,,,FALSE,,
FALSE,,,,,,,,,,,,,,,,,,,,,FALSE,,,,,,,,,,,,FALSE,,
FALSE,,,,,,,,,,,,,,,,,,,,,FALSE,,,,,,,,,,,,FALSE,,
FALSE,,,,,,,,,,,,,,,,,,,,,FALSE,,,,,,,,,,,,FALSE,,
FALSE,,,,,,,,,,,,,,,,,,,,,FALSE,,,,,,,,,,,,FALSE,,
FALSE,,,,,,,,,,,,,,,,,,,,,FALSE,,,,,,,,,,,,FALSE,,
FALSE,,,,,,,,,,,,,,,,,,,,,FALSE,,,,,,,,,,,,FALSE,,
FALSE,,,,,,,,,,,,,,,,,,,,,FALSE,,,,,,,,,,,,FALSE,,
FALSE,,,,,,,,,,,,,,,,,,,,,FALSE,,,,,,,,,,,,FALSE,,
FALSE,,,,,,,,,,,,,,,,,,,,,FALSE,,,,,,,,,,,,FALSE,,
FALSE,,,,,,,,,,,,,,,,,,,,,FALSE,,,,,,,,,,,,FALSE,,
FALSE,,,,,,,,,,,,,,,,,,,,,FALSE,,,,,,,,,,,,FALSE,,
FALSE,,,,,,,,,,,,,,,,,,,,,FALSE,,,,,,,,,,,,FALSE,,
FALSE,,,,,,,,,,,,,,,,,,,,,FALSE,,,,,,,,,,,,FALSE,,
FALSE,,,,,,,,,,,,,,,,,,,,,FALSE,,,,,,,,,,,,FALSE,,
FALSE,,,,,,,,,,,,,,,,,,,,,FALSE,,,,,,,,,,,,FALSE,,
FALSE,,,,,,,,,,,,,,,,,,,,,FALSE,,,,,,,,,,,,FALSE,,
FALSE,,,,,,,,,,,,,,,,,,,,,FALSE,,,,,,,,,,,,FALSE,,
FALSE,,,,,,,,,,,,,,,,,,,,,FALSE,,,,,,,,,,,,FALSE,,
FALSE,,,,,,,,,,,,,,,,,,,,,FALSE,,,,,,,,,,,,FALSE,,
FALSE,,,,,,,,,,,,,,,,,,,,,FALSE,,,,,,,,,,,,FALSE,,
FALSE,,,,,,,,,,,,,,,,,,,,,FALSE,,,,,,,,,,,,FALSE,,
FALSE,,,,,,,,,,,,,,,,,,,,,FALSE,,,,,,,,,,,,FALSE,,
FALSE,,,,,,,,,,,,,,,,,,,,,FALSE,,,,,,,,,,,,FALSE,,
FALSE,,,,,,,,,,,,,,,,,,,,,FALSE,,,,,,,,,,,,FALSE,,
FALSE,,,,,,,,,,,,,,,,,,,,,FALSE,,,,,,,,,,,,FALSE,,
FALSE,,,,,,,,,,,,,,,,,,,,,FALSE,,,,,,,,,,,,FALSE,,
FALSE,,,,,,,,,,,,,,,,,,,,,FALSE,,,,,,,,,,,,FALSE,,
FALSE,,,,,,,,,,,,,,,,,,,,,FALSE,,,,,,,,,,,,FALSE,,
FALSE,,,,,,,,,,,,,,,,,,,,,FALSE,,,,,,,,,,,,FALSE,,
FALSE,,,,,,,,,,,,,,,,,,,,,FALSE,,,,,,,,,,,,FALSE,,
FALSE,,,,,,,,,,,,,,,,,,,,,FALSE,,,,,,,,,,,,FALSE,,
FALSE,,,,,,,,,,,,,,,,,,,,,FALSE,,,,,,,,,,,,FALSE,,
FALSE,,,,,,,,,,,,,,,,,,,,,FALSE,,,,,,,,,,,,FALSE,,
FALSE,,,,,,,,,,,,,,,,,,,,,FALSE,,,,,,,,,,,,FALSE,,
FALSE,,,,,,,,,,,,,,,,,,,,,FALSE,,,,,,,,,,,,FALSE,,
FALSE,,,,,,,,,,,,,,,,,,,,,FALSE,,,,,,,,,,,,FALSE,,
FALSE,,,,,,,,,,,,,,,,,,,,,FALSE,,,,,,,,,,,,FALSE,,
FALSE,,,,,,,,,,,,,,,,,,,,,FALSE,,,,,,,,,,,,FALSE,,
FALSE,,,,,,,,,,,,,,,,,,,,,FALSE,,,,,,,,,,,,FALSE,,
FALSE,,,,,,,,,,,,,,,,,,,,,FALSE,,,,,,,,,,,,FALSE,,
FALSE,,,,,,,,,,,,,,,,,,,,,FALSE,,,,,,,,,,,,FALSE,,
FALSE,,,,,,,,,,,,,,,,,,,,,FALSE,,,,,,,,,,,,FALSE,,
FALSE,,,,,,,,,,,,,,,,,,,,,FALSE,,,,,,,,,,,,FALSE,,
FALSE,,,,,,,,,,,,,,,,,,,,,FALSE,,,,,,,,,,,,FALSE,,
FALSE,,,,,,,,,,,,,,,,,,,,,FALSE,,,,,,,,,,,,FALSE,,
FALSE,,,,,,,,,,,,,,,,,,,,,FALSE,,,,,,,,,,,,FALSE,,
FALSE,,,,,,,,,,,,,,,,,,,,,FALSE,,,,,,,,,,,,FALSE,,
FALSE,,,,,,,,,,,,,,,,,,,,,FALSE,,,,,,,,,,,,FALSE,,
FALSE,,,,,,,,,,,,,,,,,,,,,FALSE,,,,,,,,,,,,FALSE,,
FALSE,,,,,,,,,,,,,,,,,,,,,FALSE,,,,,,,,,,,,FALSE,,
FALSE,,,,,,,,,,,,,,,,,,,,,FALSE,,,,,,,,,,,,FALSE,,
FALSE,,,,,,,,,,,,,,,,,,,,,FALSE,,,,,,,,,,,,FALSE,,
FALSE,,,,,,,,,,,,,,,,,,,,,FALSE,,,,,,,,,,,,FALSE,,
FALSE,,,,,,,,,,,,,,,,,,,,,FALSE,,,,,,,,,,,,FALSE,,
FALSE,,,,,,,,,,,,,,,,,,,,,FALSE,,,,,,,,,,,,FALSE,,
FALSE,,,,,,,,,,,,,,,,,,,,,FALSE,,,,,,,,,,,,FALSE,,
FALSE,,,,,,,,,,,,,,,,,,,,,FALSE,,,,,,,,,,,,FALSE,,
FALSE,,,,,,,,,,,,,,,,,,,,,FALSE,,,,,,,,,,,,FALSE,,
FALSE,,,,,,,,,,,,,,,,,,,,,FALSE,,,,,,,,,,,,FALSE,,
FALSE,,,,,,,,,,,,,,,,,,,,,FALSE,,,,,,,,,,,,FALSE,,
FALSE,,,,,,,,,,,,,,,,,,,,,FALSE,,,,,,,,,,,,FALSE,,
FALSE,,,,,,,,,,,,,,,,,,,,,FALSE,,,,,,,,,,,,FALSE,,
FALSE,,,,,,,,,,,,,,,,,,,,,FALSE,,,,,,,,,,,,FALSE,,
FALSE,,,,,,,,,,,,,,,,,,,,,FALSE,,,,,,,,,,,,FALSE,,
FALSE,,,,,,,,,,,,,,,,,,,,,FALSE,,,,,,,,,,,,FALSE,,
FALSE,,,,,,,,,,,,,,,,,,,,,FALSE,,,,,,,,,,,,FALSE,,
FALSE,,,,,,,,,,,,,,,,,,,,,FALSE,,,,,,,,,,,,FALSE,,
FALSE,,,,,,,,,,,,,,,,,,,,,FALSE,,,,,,,,,,,,FALSE,,
FALSE,,,,,,,,,,,,,,,,,,,,,FALSE,,,,,,,,,,,,FALSE,,
FALSE,,,,,,,,,,,,,,,,,,,,,FALSE,,,,,,,,,,,,FALSE,,
FALSE,,,,,,,,,,,,,,,,,,,,,FALSE,,,,,,,,,,,,FALSE,,
FALSE,,,,,,,,,,,,,,,,,,,,,FALSE,,,,,,,,,,,,FALSE,,
FALSE,,,,,,,,,,,,,,,,,,,,,FALSE,,,,,,,,,,,,FALSE,,
FALSE,,,,,,,,,,,,,,,,,,,,,FALSE,,,,,,,,,,,,FALSE,,
FALSE,,,,,,,,,,,,,,,,,,,,,FALSE,,,,,,,,,,,,FALSE,,
FALSE,,,,,,,,,,,,,,,,,,,,,FALSE,,,,,,,,,,,,FALSE,,
FALSE,,,,,,,,,,,,,,,,,,,,,FALSE,,,,,,,,,,,,FALSE,,
FALSE,,,,,,,,,,,,,,,,,,,,,FALSE,,,,,,,,,,,,FALSE,,
FALSE,,,,,,,,,,,,,,,,,,,,,FALSE,,,,,,,,,,,,FALSE,,
FALSE,,,,,,,,,,,,,,,,,,,,,FALSE,,,,,,,,,,,,FALSE,,
FALSE,,,,,,,,,,,,,,,,,,,,,FALSE,,,,,,,,,,,,FALSE,,
FALSE,,,,,,,,,,,,,,,,,,,,,FALSE,,,,,,,,,,,,FALSE,,
FALSE,,,,,,,,,,,,,,,,,,,,,FALSE,,,,,,,,,,,,FALSE,,
FALSE,,,,,,,,,,,,,,,,,,,,,FALSE,,,,,,,,,,,,FALSE,,
FALSE,,,,,,,,,,,,,,,,,,,,,FALSE,,,,,,,,,,,,FALSE,,
FALSE,,,,,,,,,,,,,,,,,,,,,FALSE,,,,,,,,,,,,FALSE,,
FALSE,,,,,,,,,,,,,,,,,,,,,FALSE,,,,,,,,,,,,FALSE,,
FALSE,,,,,,,,,,,,,,,,,,,,,FALSE,,,,,,,,,,,,FALSE,,
FALSE,,,,,,,,,,,,,,,,,,,,,FALSE,,,,,,,,,,,,FALSE,,
FALSE,,,,,,,,,,,,,,,,,,,,,FALSE,,,,,,,,,,,,FALSE,,
FALSE,,,,,,,,,,,,,,,,,,,,,FALSE,,,,,,,,,,,,FALSE,,
FALSE,,,,,,,,,,,,,,,,,,,,,FALSE,,,,,,,,,,,,FALSE,,
FALSE,,,,,,,,,,,,,,,,,,,,,FALSE,,,,,,,,,,,,FALSE,,
FALSE,,,,,,,,,,,,,,,,,,,,,FALSE,,,,,,,,,,,,FALSE,,
FALSE,,,,,,,,,,,,,,,,,,,,,FALSE,,,,,,,,,,,,FALSE,,
FALSE,,,,,,,,,,,,,,,,,,,,,FALSE,,,,,,,,,,,,FALSE,,
FALSE,,,,,,,,,,,,,,,,,,,,,FALSE,,,,,,,,,,,,FALSE,,
FALSE,,,,,,,,,,,,,,,,,,,,,FALSE,,,,,,,,,,,,FALSE,,
FALSE,,,,,,,,,,,,,,,,,,,,,FALSE,,,,,,,,,,,,FALSE,,
FALSE,,,,,,,,,,,,,,,,,,,,,FALSE,,,,,,,,,,,,FALSE,,
FALSE,,,,,,,,,,,,,,,,,,,,,FALSE,,,,,,,,,,,,FALSE,,
FALSE,,,,,,,,,,,,,,,,,,,,,FALSE,,,,,,,,,,,,FALSE,,
FALSE,,,,,,,,,,,,,,,,,,,,,FALSE,,,,,,,,,,,,FALSE,,
FALSE,,,,,,,,,,,,,,,,,,,,,FALSE,,,,,,,,,,,,FALSE,,
FALSE,,,,,,,,,,,,,,,,,,,,,FALSE,,,,,,,,,,,,FALSE,,
FALSE,,,,,,,,,,,,,,,,,,,,,FALSE,,,,,,,,,,,,FALSE,,
FALSE,,,,,,,,,,,,,,,,,,,,,FALSE,,,,,,,,,,,,FALSE,,
FALSE,,,,,,,,,,,,,,,,,,,,,FALSE,,,,,,,,,,,,FALSE,,
FALSE,,,,,,,,,,,,,,,,,,,,,FALSE,,,,,,,,,,,,FALSE,,
FALSE,,,,,,,,,,,,,,,,,,,,,FALSE,,,,,,,,,,,,FALSE,,
FALSE,,,,,,,,,,,,,,,,,,,,,FALSE,,,,,,,,,,,,FALSE,,
FALSE,,,,,,,,,,,,,,,,,,,,,FALSE,,,,,,,,,,,,FALSE,,
FALSE,,,,,,,,,,,,,,,,,,,,,FALSE,,,,,,,,,,,,FALSE,,
FALSE,,,,,,,,,,,,,,,,,,,,,FALSE,,,,,,,,,,,,FALSE,,
FALSE,,,,,,,,,,,,,,,,,,,,,FALSE,,,,,,,,,,,,FALSE,,
FALSE,,,,,,,,,,,,,,,,,,,,,FALSE,,,,,,,,,,,,FALSE,,
FALSE,,,,,,,,,,,,,,,,,,,,,FALSE,,,,,,,,,,,,FALSE,,
FALSE,,,,,,,,,,,,,,,,,,,,,FALSE,,,,,,,,,,,,FALSE,,
FALSE,,,,,,,,,,,,,,,,,,,,,FALSE,,,,,,,,,,,,FALSE,,
FALSE,,,,,,,,,,,,,,,,,,,,,FALSE,,,,,,,,,,,,FALSE,,
FALSE,,,,,,,,,,,,,,,,,,,,,FALSE,,,,,,,,,,,,FALSE,,
FALSE,,,,,,,,,,,,,,,,,,,,,FALSE,,,,,,,,,,,,FALSE,,
FALSE,,,,,,,,,,,,,,,,,,,,,FALSE,,,,,,,,,,,,FALSE,,
FALSE,,,,,,,,,,,,,,,,,,,,,FALSE,,,,,,,,,,,,FALSE,,
FALSE,,,,,,,,,,,,,,,,,,,,,FALSE,,,,,,,,,,,,FALSE,,
FALSE,,,,,,,,,,,,,,,,,,,,,FALSE,,,,,,,,,,,,FALSE,,
FALSE,,,,,,,,,,,,,,,,,,,,,FALSE,,,,,,,,,,,,FALSE,,
FALSE,,,,,,,,,,,,,,,,,,,,,FALSE,,,,,,,,,,,,FALSE,,
FALSE,,,,,,,,,,,,,,,,,,,,,FALSE,,,,,,,,,,,,FALSE,,
FALSE,,,,,,,,,,,,,,,,,,,,,FALSE,,,,,,,,,,,,FALSE,,
FALSE,,,,,,,,,,,,,,,,,,,,,FALSE,,,,,,,,,,,,FALSE,,
FALSE,,,,,,,,,,,,,,,,,,,,,FALSE,,,,,,,,,,,,FALSE,,
FALSE,,,,,,,,,,,,,,,,,,,,,FALSE,,,,,,,,,,,,FALSE,,
FALSE,,,,,,,,,,,,,,,,,,,,,FALSE,,,,,,,,,,,,FALSE,,
FALSE,,,,,,,,,,,,,,,,,,,,,FALSE,,,,,,,,,,,,FALSE,,
FALSE,,,,,,,,,,,,,,,,,,,,,FALSE,,,,,,,,,,,,FALSE,,
FALSE,,,,,,,,,,,,,,,,,,,,,FALSE,,,,,,,,,,,,FALSE,,
FALSE,,,,,,,,,,,,,,,,,,,,,FALSE,,,,,,,,,,,,FALSE,,
FALSE,,,,,,,,,,,,,,,,,,,,,FALSE,,,,,,,,,,,,FALSE,,
FALSE,,,,,,,,,,,,,,,,,,,,,FALSE,,,,,,,,,,,,FALSE,,
FALSE,,,,,,,,,,,,,,,,,,,,,FALSE,,,,,,,,,,,,FALSE,,
FALSE,,,,,,,,,,,,,,,,,,,,,FALSE,,,,,,,,,,,,FALSE,,
FALSE,,,,,,,,,,,,,,,,,,,,,FALSE,,,,,,,,,,,,FALSE,,
FALSE,,,,,,,,,,,,,,,,,,,,,FALSE,,,,,,,,,,,,FALSE,,
FALSE,,,,,,,,,,,,,,,,,,,,,FALSE,,,,,,,,,,,,FALSE,,
FALSE,,,,,,,,,,,,,,,,,,,,,FALSE,,,,,,,,,,,,FALSE,,
FALSE,,,,,,,,,,,,,,,,,,,,,FALSE,,,,,,,,,,,,FALSE,,
FALSE,,,,,,,,,,,,,,,,,,,,,FALSE,,,,,,,,,,,,FALSE,,
FALSE,,,,,,,,,,,,,,,,,,,,,FALSE,,,,,,,,,,,,FALSE,,
FALSE,,,,,,,,,,,,,,,,,,,,,FALSE,,,,,,,,,,,,FALSE,,
FALSE,,,,,,,,,,,,,,,,,,,,,FALSE,,,,,,,,,,,,FALSE,,
FALSE,,,,,,,,,,,,,,,,,,,,,FALSE,,,,,,,,,,,,FALSE,,
FALSE,,,,,,,,,,,,,,,,,,,,,FALSE,,,,,,,,,,,,FALSE,,
FALSE,,,,,,,,,,,,,,,,,,,,,FALSE,,,,,,,,,,,,FALSE,,
FALSE,,,,,,,,,,,,,,,,,,,,,FALSE,,,,,,,,,,,,FALSE,,
FALSE,,,,,,,,,,,,,,,,,,,,,FALSE,,,,,,,,,,,,FALSE,,
FALSE,,,,,,,,,,,,,,,,,,,,,FALSE,,,,,,,,,,,,FALSE,,
FALSE,,,,,,,,,,,,,,,,,,,,,FALSE,,,,,,,,,,,,FALSE,,
FALSE,,,,,,,,,,,,,,,,,,,,,FALSE,,,,,,,,,,,,FALSE,,
FALSE,,,,,,,,,,,,,,,,,,,,,FALSE,,,,,,,,,,,,FALSE,,
FALSE,,,,,,,,,,,,,,,,,,,,,FALSE,,,,,,,,,,,,FALSE,,
FALSE,,,,,,,,,,,,,,,,,,,,,FALSE,,,,,,,,,,,,FALSE,,
FALSE,,,,,,,,,,,,,,,,,,,,,FALSE,,,,,,,,,,,,FALSE,,
FALSE,,,,,,,,,,,,,,,,,,,,,FALSE,,,,,,,,,,,,FALSE,,
FALSE,,,,,,,,,,,,,,,,,,,,,FALSE,,,,,,,,,,,,FALSE,,
FALSE,,,,,,,,,,,,,,,,,,,,,FALSE,,,,,,,,,,,,FALSE,,
FALSE,,,,,,,,,,,,,,,,,,,,,FALSE,,,,,,,,,,,,FALSE,,
FALSE,,,,,,,,,,,,,,,,,,,,,FALSE,,,,,,,,,,,,FALSE,,
FALSE,,,,,,,,,,,,,,,,,,,,,FALSE,,,,,,,,,,,,FALSE,,
FALSE,,,,,,,,,,,,,,,,,,,,,FALSE,,,,,,,,,,,,FALSE,,
FALSE,,,,,,,,,,,,,,,,,,,,,FALSE,,,,,,,,,,,,FALSE,,
FALSE,,,,,,,,,,,,,,,,,,,,,FALSE,,,,,,,,,,,,FALSE,,
FALSE,,,,,,,,,,,,,,,,,,,,,FALSE,,,,,,,,,,,,FALSE,,
FALSE,,,,,,,,,,,,,,,,,,,,,FALSE,,,,,,,,,,,,FALSE,,
FALSE,,,,,,,,,,,,,,,,,,,,,FALSE,,,,,,,,,,,,FALSE,,
FALSE,,,,,,,,,,,,,,,,,,,,,FALSE,,,,,,,,,,,,FALSE,,
FALSE,,,,,,,,,,,,,,,,,,,,,FALSE,,,,,,,,,,,,FALSE,,
FALSE,,,,,,,,,,,,,,,,,,,,,FALSE,,,,,,,,,,,,FALSE,,
FALSE,,,,,,,,,,,,,,,,,,,,,FALSE,,,,,,,,,,,,FALSE,,
FALSE,,,,,,,,,,,,,,,,,,,,,FALSE,,,,,,,,,,,,FALSE,,
FALSE,,,,,,,,,,,,,,,,,,,,,FALSE,,,,,,,,,,,,FALSE,,
FALSE,,,,,,,,,,,,,,,,,,,,,FALSE,,,,,,,,,,,,FALSE,,
FALSE,,,,,,,,,,,,,,,,,,,,,FALSE,,,,,,,,,,,,FALSE,,
FALSE,,,,,,,,,,,,,,,,,,,,,FALSE,,,,,,,,,,,,FALSE,,
FALSE,,,,,,,,,,,,,,,,,,,,,FALSE,,,,,,,,,,,,FALSE,,
FALSE,,,,,,,,,,,,,,,,,,,,,FALSE,,,,,,,,,,,,FALSE,,
FALSE,,,,,,,,,,,,,,,,,,,,,FALSE,,,,,,,,,,,,FALSE,,
FALSE,,,,,,,,,,,,,,,,,,,,,FALSE,,,,,,,,,,,,FALSE,,
FALSE,,,,,,,,,,,,,,,,,,,,,FALSE,,,,,,,,,,,,FALSE,,
FALSE,,,,,,,,,,,,,,,,,,,,,FALSE,,,,,,,,,,,,FALSE,,
FALSE,,,,,,,,,,,,,,,,,,,,,FALSE,,,,,,,,,,,,FALSE,,
FALSE,,,,,,,,,,,,,,,,,,,,,FALSE,,,,,,,,,,,,FALSE,,
FALSE,,,,,,,,,,,,,,,,,,,,,FALSE,,,,,,,,,,,,FALSE,,
FALSE,,,,,,,,,,,,,,,,,,,,,FALSE,,,,,,,,,,,,FALSE,,
FALSE,,,,,,,,,,,,,,,,,,,,,FALSE,,,,,,,,,,,,FALSE,,
FALSE,,,,,,,,,,,,,,,,,,,,,FALSE,,,,,,,,,,,,FALSE,,
FALSE,,,,,,,,,,,,,,,,,,,,,FALSE,,,,,,,,,,,,FALSE,,
FALSE,,,,,,,,,,,,,,,,,,,,,FALSE,,,,,,,,,,,,FALSE,,
FALSE,,,,,,,,,,,,,,,,,,,,,FALSE,,,,,,,,,,,,FALSE,,
FALSE,,,,,,,,,,,,,,,,,,,,,FALSE,,,,,,,,,,,,FALSE,,
FALSE,,,,,,,,,,,,,,,,,,,,,FALSE,,,,,,,,,,,,FALSE,,
FALSE,,,,,,,,,,,,,,,,,,,,,FALSE,,,,,,,,,,,,FALSE,,
FALSE,,,,,,,,,,,,,,,,,,,,,FALSE,,,,,,,,,,,,FALSE,,
FALSE,,,,,,,,,,,,,,,,,,,,,FALSE,,,,,,,,,,,,FALSE,,
FALSE,,,,,,,,,,,,,,,,,,,,,FALSE,,,,,,,,,,,,FALSE,,
FALSE,,,,,,,,,,,,,,,,,,,,,FALSE,,,,,,,,,,,,FALSE,,
FALSE,,,,,,,,,,,,,,,,,,,,,FALSE,,,,,,,,,,,,FALSE,,
FALSE,,,,,,,,,,,,,,,,,,,,,FALSE,,,,,,,,,,,,FALSE,,
FALSE,,,,,,,,,,,,,,,,,,,,,FALSE,,,,,,,,,,,,FALSE,,
FALSE,,,,,,,,,,,,,,,,,,,,,FALSE,,,,,,,,,,,,FALSE,,
FALSE,,,,,,,,,,,,,,,,,,,,,FALSE,,,,,,,,,,,,FALSE,,
FALSE,,,,,,,,,,,,,,,,,,,,,FALSE,,,,,,,,,,,,FALSE,,
FALSE,,,,,,,,,,,,,,,,,,,,,FALSE,,,,,,,,,,,,FALSE,,
FALSE,,,,,,,,,,,,,,,,,,,,,FALSE,,,,,,,,,,,,FALSE,,
FALSE,,,,,,,,,,,,,,,,,,,,,FALSE,,,,,,,,,,,,FALSE,,
FALSE,,,,,,,,,,,,,,,,,,,,,FALSE,,,,,,,,,,,,FALSE,,
FALSE,,,,,,,,,,,,,,,,,,,,,FALSE,,,,,,,,,,,,FALSE,,
FALSE,,,,,,,,,,,,,,,,,,,,,FALSE,,,,,,,,,,,,FALSE,,
FALSE,,,,,,,,,,,,,,,,,,,,,FALSE,,,,,,,,,,,,FALSE,,
FALSE,,,,,,,,,,,,,,,,,,,,,FALSE,,,,,,,,,,,,FALSE,,
FALSE,,,,,,,,,,,,,,,,,,,,,FALSE,,,,,,,,,,,,FALSE,,
FALSE,,,,,,,,,,,,,,,,,,,,,FALSE,,,,,,,,,,,,FALSE,,
FALSE,,,,,,,,,,,,,,,,,,,,,FALSE,,,,,,,,,,,,FALSE,,
FALSE,,,,,,,,,,,,,,,,,,,,,FALSE,,,,,,,,,,,,FALSE,,
FALSE,,,,,,,,,,,,,,,,,,,,,FALSE,,,,,,,,,,,,FALSE,,
FALSE,,,,,,,,,,,,,,,,,,,,,FALSE,,,,,,,,,,,,FALSE,,
FALSE,,,,,,,,,,,,,,,,,,,,,FALSE,,,,,,,,,,,,FALSE,,